image,variant,width,height,meanAbsoluteY,p95AbsoluteY,meanAbsoluteChroma,p95AbsoluteChroma,changed2,changed5,changed10,changed20,shadows.meanAbsoluteY,midtones.meanAbsoluteY,highlights.meanAbsoluteY,subjectSource,subject.meanAbsoluteY,background.meanAbsoluteY,meanAbsoluteLocalContrastChange,meanSignedLocalContrastChange,introducedShadowClipping,introducedHighlightClipping,strongEdgeCount,brightHaloCount,darkHaloCount,edgeEnhancementCount,brightHaloBands,darkHaloBands,largestBandPixels,brightHaloFraction,darkHaloFraction,left.excess,right.excess,top.excess,bottom.excess,leftRightExcessAsymmetry,topBottomExcessAsymmetry,worstX,worstY,worstResidual,suspectedCause,diagnosisConfidence
01_dark_indoor_portrait,Off / Original pipeline,341,512,0,0,0,0,0,0,0,0,0,0,0,Vision person,0,0,0,0,0,0,4789,0,0,0,0,0,0,0,0,0,0,0,0,0,0,0,0,0,No strong artifact signature at diagnostic thresholds,low
01_dark_indoor_portrait,Phase 1 · Bilateral,341,512,0.033556141652500725,0.2835164835164835,0.0033198806073641393,0.00927960927960928,0.34466642228739003,0.09653363269794721,0.06666399376832845,0.06069579362170088,0.016374984145498823,0.015455798455702083,0.2651416869133573,Vision person,0.009557883637734313,0.050353800674209005,0.00594351981496444,0.0031893483015243205,0,0,4789,1412,1210,484,25,16,436,0.29484234704531215,0.2526623512215494,-0.006813239126266314,-0.05548621727780029,-0.020756836399841164,-6.617493111956049e-05,0.04867297815153397,0.020690661468721602,323,101,0.327245756983757,Local reconstruction or filter response; compare variants to isolate stage,low
01_dark_indoor_portrait,Phase 1 · Gaussian,341,512,0.022594062906756703,0.07863247863247863,0.003327626334130271,0.009523809523809525,0.2978257881231672,0.0769565615835777,0.040540230938416424,0.017268832478005865,0.016141985880056407,0.029114529399595468,0.09594047757484861,Vision person,0.012146124967830343,0.02990713116654735,0.006356049312684757,0.00605508555183696,0,0.0002405608504398827,4789,1732,727,370,22,15,459,0.36166214240968886,0.1518062225934433,-0.007280385574435841,-0.008182648812113162,-0.005518124602014745,-6.617493111956049e-05,0.0009022632376773209,0.005451949670895184,290,307,0.5729670751218995,Local reconstruction or filter response; compare variants to isolate stage,low
01_dark_indoor_portrait,Phase 1 · Guided,341,512,0.0341073389844074,0.294017094017094,0.0033120246947628907,0.00927960927960928,0.3487674120234604,0.0767274560117302,0.0669160098973607,0.0639891862170088,0.016094430450116607,0.011256747624215479,0.28086642650130245,Vision person,0.008863076721813443,0.05177714274602675,0.005974943724134584,-0.000143540667931362,0,0,4789,1557,1681,230,30,23,461,0.3251200668197954,0.3510127375234913,-0.005791995812040954,-0.05843164202251863,-0.02155266877185002,-0.0002406120635162873,0.052639646210477675,0.02131205670833373,316,109,0.35036764045556384,Local reconstruction or filter response; compare variants to isolate stage,low
01_dark_indoor_portrait,Phase 2 · A,341,512,0.03411392554313463,0.294017094017094,0.003310477133650916,0.00927960927960928,0.34884759897360706,0.07703674853372434,0.06693892045454546,0.06394909274193548,0.016100816352653646,0.011289815030546681,0.2808484168278801,Vision person,0.008868269870086687,0.051784704626949,0.005970638513055647,-5.4677666308158074e-05,0,0,4789,1549,1655,253,29,24,468,0.32344957193568596,0.34558362915013574,-0.005815385975905108,-0.058163095708758814,-0.021526146143269684,-0.00021931291713039573,0.05234770973285371,0.02130683322613929,313,110,0.3467095208664735,Local reconstruction or filter response; compare variants to isolate stage,low
01_dark_indoor_portrait,Phase 2 · B,341,512,0.020283936272431493,0.08547008547008547,0.0033022820122366446,0.00927960927960928,0.3485497617302053,0.07413856304985338,0,0,0.016100816352653646,0.009714551702117689,0.08297137397058894,Vision person,0.008867604802541472,0.028274834744812842,0.004432019120115469,0.0014600729632127682,0,0,4789,1420,1595,113,26,23,468,0.29651284192942157,0.3330549175193151,-0.005815385975905108,-0.0034292485380468265,-0.004978423240366659,-0.00021931291713039573,0.0023861374378582813,0.004759110323236263,326,107,0.13107105841239294,Local reconstruction or filter response; compare variants to isolate stage,low
01_dark_indoor_portrait,Phase 2 · C,341,512,0.02647754758642173,0.08547008547008547,0.0034878213153220483,0.009523809523809525,0.3671302236070381,0.2665586052052786,0.0004925769794721408,0,0.023206222756462662,0.01090814153000303,0.08297137397058894,Vision person,0.010708688263121118,0.03751501213535298,0.006409147814662522,0.0022255615775687797,0,0,4789,1585,1987,191,28,26,579,0.33096679891417835,0.4149091668406765,-0.009271402566555046,0.012748273652577049,-0.004189678848780174,0.0001835745001685513,0.022019676219132096,0.0043732533489487255,326,107,0.16822336862484616,Local reconstruction or filter response; compare variants to isolate stage,low
01_dark_indoor_portrait,Phase 4 · Combined,341,512,0.023634306312261585,0.08547008547008547,0.0034173355719138774,0.009523809523809525,0.3592146260997067,0.1982450513196481,5.154875366568915e-05,0,0.019943300823719385,0.010373691202221086,0.08297137397058894,Vision person,0.010498373225044346,0.03282884554903789,0.005724781846187451,0.00213433900492853,0,0,4789,1554,1882,189,27,26,574,0.3244936312382543,0.39298392148674044,-0.007850035191738543,-0.0011128417218212536,-0.005286443214357079,2.595746046578613e-05,0.00673719346991729,0.005312400674822865,258,121,0.13995013013482094,Local reconstruction or filter response; compare variants to isolate stage,low
01_dark_indoor_portrait,Phase 4 · Semantic,341,512,0.022392452829712188,0.08547008547008547,0.0033793148169696994,0.009523809523809525,0.3550907258064516,0.1437408357771261,2.8638196480938418e-05,0,0.018507993371013477,0.010263307348062226,0.08297137397058894,Vision person,0.01037333409069453,0.030805274218465316,0.005398270976208279,0.0019278323519565663,0,0,4789,1541,1849,179,27,26,573,0.32177907705157655,0.3860931300897891,-0.006525949920136649,-0.001876872781475364,-0.005239240864567526,-4.897419908143766e-05,0.004649077138661285,0.005190266665486089,260,121,0.1390580659111341,Local reconstruction or filter response; compare variants to isolate stage,low
01_dark_indoor_portrait,Phase 4 · Spatial,341,512,0.022903505840058704,0.08547008547008547,0.0033738472093923976,0.00927960927960928,0.3548673478739003,0.17332409274193547,1.1455278592375367e-05,0,0.01910850239145096,0.010189362206106617,0.08297137397058894,Vision person,0.010010596667000634,0.03192793969495042,0.005437836003226925,0.0020154654456333763,0,0,4789,1533,1822,170,27,25,549,0.3201085821674671,0.3804552098559198,-0.007751783037400968,-0.0012226587237601921,-0.005082061275659731,-1.3077157143161568e-05,0.0065291243136407755,0.005068984118516569,324,107,0.13507838423053425,Local reconstruction or filter response; compare variants to isolate stage,low
01_dark_indoor_portrait,Phase 5 · Shadow Budget A,341,512,0.02631266772643593,0.08547008547008547,0.0034559794550592443,0.00927960927960928,0.36263975439882695,0.2665586052052786,0.0004925769794721408,0,0.023014449469798116,0.01090814153000303,0.08297137397058894,Vision person,0.010451618970037692,0.03741466056994695,0.006361948339937448,0.0021788837248482742,0,0,4789,1583,1987,191,28,25,578,0.33054917519315097,0.4149091668406765,-0.009271551341625892,0.012763469618180695,-0.004189678848780174,0.00021441033738436673,0.022035020959806587,0.004404089186164541,326,107,0.16822336862484616,Local reconstruction or filter response; compare variants to isolate stage,low
01_dark_indoor_portrait,Phase 5 · Shadow Budget B,341,512,0.02616443247837771,0.08547008547008547,0.003194111192663166,0.008547008547008548,0.3671302236070381,0.2665586052052786,0.0004925769794721408,0,0.0228420356848634,0.01090814153000303,0.08297137397058894,Vision person,0.010124433165278394,0.037391682348101224,0.00632338204670943,0.00213981993530264,0,0,4789,1588,1986,191,28,26,579,0.33159323449571937,0.4147003549801629,-0.0093305666389364,0.012960413193612626,-0.004189678848780174,0.0002908022963964898,0.022290979832549025,0.004480481145176664,326,107,0.16822336862484616,Local reconstruction or filter response; compare variants to isolate stage,low
01_dark_indoor_portrait,Phase 5 · Shadow Budget C,341,512,0.02603197634412721,0.08547008547008547,0.0031690360999794584,0.008547008547008548,0.36263975439882695,0.2665586052052786,0.0004925769794721408,0,0.022687974732808456,0.01090814153000303,0.08297137397058894,Vision person,0.009932984408654765,0.03730051829241786,0.0062823950538150155,0.0020993524727324943,0,0,4789,1587,1987,191,28,25,578,0.3313844226352057,0.4149091668406765,-0.009314095906449939,0.01295927847278503,-0.004189678848780174,0.0003326361374414295,0.02227337437923497,0.004522314986221604,326,107,0.16822336862484616,Local reconstruction or filter response; compare variants to isolate stage,low
01_portrait_light_skin,Off / Original pipeline,512,341,0,0,0,0,0,0,0,0,0,0,0,Vision person,0,0,0,0,0,0,24219,0,0,0,0,0,0,0,0,0,0,0,0,0,0,0,0,0,No strong artifact signature at diagnostic thresholds,low
01_portrait_light_skin,Phase 1 · Bilateral,512,341,0.026858779085853223,0.16874236874236875,0.0010067333534543993,0.005128205128205128,0.27430237353372433,0.14919354838709678,0.11343589626099707,0.015424532624633431,0.02650444181670615,0.003150824934319822,0.13644894535535737,Vision person,0.01281325862518898,0.03727690096625334,0.0038729774880510554,0.0002149213734827053,0,0,24219,3782,3631,557,53,64,697,0.156158388042446,0.14992361369172963,0.00012808210269922216,0.003530860946617818,-0.0012589400029366473,0.003138052445810392,0.0034027788439185956,0.004396992448747039,339,266,0.2131510426600774,Local reconstruction or filter response; compare variants to isolate stage,low
01_portrait_light_skin,Phase 1 · Gaussian,512,341,0.023476493833337088,0.15995115995115994,0.0008468993905649407,0.003907203907203907,0.2227994409824047,0.13078491568914957,0.09919698497067449,0.012743997434017596,0.015097517000624542,0.0056917370351510874,0.11578307161286662,Vision person,0.00954802941178603,0.03380779058783793,0.003040395215041118,0.0019687879428175892,0,4.5821114369501466e-05,24219,2710,1080,586,31,26,471,0.11189561914199596,0.044593088071348944,0.000349208505492196,0.0014227845517530181,-0.00446538856824437,-0.0007810765788315301,0.0010735760462608221,0.00368431198941284,271,15,0.20841245042781034,Local reconstruction or filter response; compare variants to isolate stage,low
01_portrait_light_skin,Phase 1 · Guided,512,341,0.03162417377318721,0.1851037851037851,0.0011667003028332861,0.005860805860805861,0.3283369226539589,0.15003551136363635,0.12817883980938416,0.03075742302052786,0.032850727299783125,0.0033508686884108794,0.16026545121986427,Vision person,0.01823011400805971,0.04155908131166246,0.007844629520072815,-0.007281863764733535,0,0,24219,6366,7014,728,139,96,614,0.2628514802427846,0.28960733308559394,-0.00014885805344653634,0.008977634889661726,-0.0007710649071639752,0.0069581210449991,0.009126492943108263,0.007729185952163075,338,263,0.3237024247646332,Local reconstruction or filter response; compare variants to isolate stage,low
01_portrait_light_skin,Phase 2 · A,512,341,0.031727812241971465,0.1851037851037851,0.0011770656061931425,0.005860805860805861,0.32829110153958946,0.1500068731671554,0.12809292521994134,0.030866248167155424,0.03280770858361202,0.0035299531379999307,0.16020425091053894,Vision person,0.01828212853192831,0.041701011316284405,0.007815144978422906,-0.006731201641856012,0,0,24219,6263,6865,771,139,92,612,0.2585986209174615,0.2834551385276023,-0.00028091163073421606,0.009025770371774173,-0.0007625570936328861,0.006963609953028747,0.00930668200250839,0.007726167046661633,338,263,0.3237024247646332,Local reconstruction or filter response; compare variants to isolate stage,low
01_portrait_light_skin,Phase 2 · B,512,341,0.01817455445582701,0.07057387057387057,0.0010847477514722293,0.005860805860805861,0.32744913856304986,0.1453617576979472,0,0,0.03280770858361202,0.0033260159159810274,0.06832561814299637,Vision person,0.013729973564400214,0.021471277105860585,0.0049226175400378805,-0.003883728713761563,0,0,24219,5044,6328,406,132,95,407,0.2082662372517445,0.2612824641810149,-0.00028091163073421606,0.0038473266849344953,-0.0004148573878098769,0.0032873117992008823,0.004128238315668711,0.0037021691870107593,351,293,0.12062026063601175,Local reconstruction or filter response; compare variants to isolate stage,low
01_portrait_light_skin,Phase 2 · C,512,341,0.02330891681738441,0.07472527472527472,0.0016189557185051426,0.00927960927960928,0.37600806451612906,0.2591584952346041,0,0,0.057049175886075526,0.00441088966603276,0.06832561814299637,Vision person,0.021072647498336556,0.024967646829453904,0.007310159105875805,-0.005390299907216306,0,0,24219,6113,7540,641,151,120,584,0.25240513646310747,0.3113258185721954,-0.0004351512633061481,0.003806893563522673,-0.0011323453687814128,0.0038268006195228887,0.004242044826828821,0.004959145988304301,351,293,0.15660687287648517,Local reconstruction or filter response; compare variants to isolate stage,low
01_portrait_light_skin,Phase 4 · Combined,512,341,0.02156565924371556,0.07252747252747253,0.00148825803573737,0.008302808302808303,0.3571354930351906,0.23315501282991202,0,0,0.049145148851812044,0.003954258914124733,0.06832561814299637,Vision person,0.01993594554369964,0.022774482797422495,0.006570774590443635,-0.0048400083486467,0,0,24219,5910,7288,576,147,113,576,0.24402328750154836,0.3009207646888806,-0.0003864521346423561,0.0038315566960058184,-0.001041207419508007,0.0033916563047949534,0.004218008830648174,0.00443286372430296,351,292,0.13848684603969255,Local reconstruction or filter response; compare variants to isolate stage,low
01_portrait_light_skin,Phase 4 · Semantic,512,341,0.021408814935638745,0.07228327228327229,0.0014750634578619866,0.008302808302808303,0.35600142045454547,0.2289795637829912,0,0,0.048370643234413375,0.003930302636493297,0.06832561814299637,Vision person,0.019874806895355864,0.022546649790099165,0.0065219984310347714,-0.004811521496603945,0,0,24219,5909,7272,575,147,112,575,0.24398199760518602,0.3002601263470829,-0.0003916654566983802,0.003833197791050568,-0.0010204290028706015,0.0033971560443658753,0.004224863247748948,0.004417585047236477,351,293,0.13778548439343768,Local reconstruction or filter response; compare variants to isolate stage,low
01_portrait_light_skin,Phase 4 · Spatial,512,341,0.019620649262564085,0.07057387057387057,0.001247890618806714,0.007081807081807082,0.34083463159824046,0.19273506231671556,0,0,0.039878522623326834,0.003565834086190678,0.06832561814299637,Vision person,0.016074091486108943,0.022251272404972235,0.005551144709635056,-0.004159478027981595,0,0,24219,5303,6684,468,141,98,519,0.21896032040959576,0.2759816672860151,-0.0002854802592283289,0.0038316707686715254,-0.0007609435175341439,0.0033643010172592215,0.004117151027899855,0.004125244534793365,346,279,0.12650295346975327,Local reconstruction or filter response; compare variants to isolate stage,low
01_portrait_light_skin,Phase 5 · Shadow Budget A,512,341,0.02330781097294366,0.07472527472527472,0.0016196571805290774,0.00927960927960928,0.3759851539589443,0.2591584952346041,0,0,0.057043090290898095,0.00441088966603276,0.06832561814299637,Vision person,0.021070050774743387,0.024967646829453904,0.007312370325642067,-0.005388044108273942,0,0,24219,6113,7539,642,151,120,584,0.25240513646310747,0.311284528675833,-0.0004351512633061481,0.003806893563522673,-0.0011319475315244075,0.0038268006195228887,0.004242044826828821,0.004958748151047296,351,293,0.15660687287648517,Local reconstruction or filter response; compare variants to isolate stage,low
01_portrait_light_skin,Phase 5 · Shadow Budget B,512,341,0.02330891681738441,0.07472527472527472,0.0016189557185051426,0.00927960927960928,0.37600806451612906,0.2591584952346041,0,0,0.057049175886075526,0.00441088966603276,0.06832561814299637,Vision person,0.021072647498336556,0.024967646829453904,0.007310159105875805,-0.005390299907216306,0,0,24219,6113,7540,641,151,120,584,0.25240513646310747,0.3113258185721954,-0.0004351512633061481,0.003806893563522673,-0.0011323453687814128,0.0038268006195228887,0.004242044826828821,0.004959145988304301,351,293,0.15660687287648517,Local reconstruction or filter response; compare variants to isolate stage,low
01_portrait_light_skin,Phase 5 · Shadow Budget C,512,341,0.02330781097294366,0.07472527472527472,0.0016196571805290774,0.00927960927960928,0.3759851539589443,0.2591584952346041,0,0,0.057043090290898095,0.00441088966603276,0.06832561814299637,Vision person,0.021070050774743387,0.024967646829453904,0.007312370325642067,-0.005388044108273942,0,0,24219,6113,7539,642,151,120,584,0.25240513646310747,0.311284528675833,-0.0004351512633061481,0.003806893563522673,-0.0011319475315244075,0.0038268006195228887,0.004242044826828821,0.004958748151047296,351,293,0.15660687287648517,Local reconstruction or filter response; compare variants to isolate stage,low
02_overexposed_beach_portrait,Off / Original pipeline,341,512,0,0,0,0,0,0,0,0,0,0,0,Vision person,0,0,0,0,0,0,17771,0,0,0,0,0,0,0,0,0,0,0,0,0,0,0,0,0,No strong artifact signature at diagnostic thresholds,low
02_overexposed_beach_portrait,Phase 1 · Bilateral,341,512,0.18708665208415473,0.3111111111111111,0.0010213511691075888,0.002686202686202686,0.8665116385630498,0.8435552602639296,0.7963766953812317,0.5112490835777126,0.004203274428844452,0.02377103857095171,0.22650999775458605,Vision person,0.155048669549944,0.20524227549586035,0.007336707067923713,-0.005936050482143808,0,0,17771,8817,3700,1782,96,104,1976,0.4961454054358224,0.20820437791908164,0.0002315198846784721,0.0004201471686838158,-0.0020809543817064914,-0.0036199142745614414,0.00018862728400534368,0.00153895989285495,250,197,0.25894951820373535,Local reconstruction or filter response; compare variants to isolate stage,low
02_overexposed_beach_portrait,Phase 1 · Gaussian,341,512,0.1775146467786841,0.31062271062271063,0.0009799789912499132,0.002686202686202686,0.8596842925219942,0.8305248808651027,0.7711063508064516,0.4640533357771261,0,0.02320015859906021,0.21476936487888001,Vision person,0.1461397231732735,0.19529452093095337,0.006264629739907385,-0.0037306808286804464,0,0,17771,8558,3307,2086,107,93,2005,0.4815710989814867,0.18608969669686568,0.0009031424721873614,0.00018663833815738026,-0.0021111908636064327,-0.001536032872617785,0.0007165041340299811,0.0005751579909886477,21,448,0.13929803172747293,Local reconstruction or filter response; compare variants to isolate stage,low
02_overexposed_beach_portrait,Phase 1 · Guided,341,512,0.1909246481278238,0.31135531135531136,0.001006605649690564,0.002686202686202686,0.8598503940615836,0.8379364461143695,0.7910442631964809,0.5293426961143695,0.01569234985113144,0.01846330368313114,0.2325398135478828,Vision person,0.1583205194713669,0.20940110122287553,0.011679315049741394,-0.011263033901520546,0,0,17771,8446,5253,773,122,138,751,0.4752686961904226,0.2955939451916043,0.0003078936788427877,0.002150151893437146,-0.0020687834373773763,-0.004962753943446179,0.0018422582145943586,0.002893970506068803,250,197,0.2927180329958598,Local reconstruction or filter response; compare variants to isolate stage,low
02_overexposed_beach_portrait,Phase 2 · A,341,512,0.19093336115833276,0.31135531135531136,0.001012675942388482,0.002686202686202686,0.8599133980938416,0.838102547653959,0.7910729013929618,0.5283804527126099,0.015600676476955413,0.018815693879779376,0.23246599634307616,Vision person,0.15827403844928561,0.2094410922039335,0.01073500901701512,-0.010065708204710687,0,0,17771,8432,4985,807,112,133,768,0.4744808958415396,0.2805131956558438,0.00042861037223462567,0.002030405633715519,-0.0021204513725557356,-0.004758372299620752,0.0016017952614808934,0.0026379209270650165,251,199,0.2912987172603607,Local reconstruction or filter response; compare variants to isolate stage,low
02_overexposed_beach_portrait,Phase 2 · B,341,512,0.06355133010653159,0.0862026862026862,0.00043285508135918464,0.001221001221001221,0.8591802602639296,0.8243963068181818,0,0,0.015600676476955413,0.013988248294371028,0.0755088309029418,Vision person,0.059030816657527664,0.06611306256643375,0.0026123816724685886,-0.0019469347454633538,0,0,17771,3280,2272,83,67,67,356,0.1845703674525913,0.12784874233301446,-9.875238476046527e-05,0.0004393470417930785,-0.0005428599807070822,-0.0016328631390977843,0.0005380994265535438,0.001090003158390702,251,199,0.08048016826311746,Local reconstruction or filter response; compare variants to isolate stage,low
02_overexposed_beach_portrait,Phase 2 · C,341,512,0.06361680621072333,0.0862026862026862,0.00043551935587356476,0.001221001221001221,0.860961556085044,0.8243963068181818,0,0,0.02620281332731247,0.014287185339350824,0.07550881937518467,Vision person,0.05915188063268767,0.06614703754690521,0.0026532096901548067,-0.001988600322732643,0,0,17771,3251,2347,113,67,69,356,0.18293849530133363,0.13206910134488775,-0.00017648738515804488,0.0004393470417930785,-0.0005428599807070822,-0.0015219739376598255,0.0006158344269511234,0.0009791139569527434,251,199,0.08048016826311746,Local reconstruction or filter response; compare variants to isolate stage,low
02_overexposed_beach_portrait,Phase 4 · Combined,341,512,0.06358968340435005,0.0862026862026862,0.0004346855705417608,0.001221001221001221,0.860228418255132,0.8243963068181818,0,0,0.02365175074338913,0.014156568647920512,0.07550881937518467,Vision person,0.05912750741525397,0.06611835657433746,0.0026366047349692893,-0.001971632308839736,0,0,17771,3254,2338,110,67,69,356,0.18310730966180858,0.13156265826346294,-0.00010695316461452925,0.0004393470417930785,-0.0005428599807070822,-0.0016094132942735609,0.0005463002064076078,0.0010665533135664788,251,199,0.08048016826311746,Local reconstruction or filter response; compare variants to isolate stage,low
02_overexposed_beach_portrait,Phase 4 · Semantic,341,512,0.06358965922299298,0.0862026862026862,0.0004346810386016746,0.001221001221001221,0.860228418255132,0.8243963068181818,0,0,0.02365175074338913,0.014156443788502678,0.07550881937518467,Vision person,0.05912750741525397,0.06611831868963272,0.002636583282777704,-0.0019716124307122395,0,0,17771,3254,2338,110,67,69,356,0.18310730966180858,0.13156265826346294,-0.00010695316461452925,0.0004393470417930785,-0.0005428599807070822,-0.0016094132942735609,0.0005463002064076078,0.0010665533135664788,251,199,0.08048016826311746,Local reconstruction or filter response; compare variants to isolate stage,low
02_overexposed_beach_portrait,Phase 4 · Spatial,341,512,0.06356089023227635,0.0862026862026862,0.0004335388645070847,0.001221001221001221,0.8592661748533724,0.8243963068181818,0,0,0.017229427754878998,0.014031638380711756,0.07550881937518467,Vision person,0.05904799159429826,0.06611830745038108,0.0026183625124951517,-0.0019530908181121871,0,0,17771,3277,2273,86,67,67,356,0.18440155309211637,0.1279050137865061,-0.00010695316461452925,0.0004393470417930785,-0.0005428599807070822,-0.0016117764923867862,0.0005463002064076078,0.0010689165116797039,251,199,0.08048016826311746,Local reconstruction or filter response; compare variants to isolate stage,low
02_overexposed_beach_portrait,Phase 5 · Shadow Budget A,341,512,0.06361680621072333,0.0862026862026862,0.00043551935587356476,0.001221001221001221,0.860961556085044,0.8243963068181818,0,0,0.02620281332731247,0.014287185339350824,0.07550881937518467,Vision person,0.05915188063268767,0.06614703754690521,0.0026532096901548067,-0.001988600322732643,0,0,17771,3251,2347,113,67,69,356,0.18293849530133363,0.13206910134488775,-0.00017648738515804488,0.0004393470417930785,-0.0005428599807070822,-0.0015219739376598255,0.0006158344269511234,0.0009791139569527434,251,199,0.08048016826311746,Local reconstruction or filter response; compare variants to isolate stage,low
02_overexposed_beach_portrait,Phase 5 · Shadow Budget B,341,512,0.06361680621072333,0.0862026862026862,0.00043551935587356476,0.001221001221001221,0.860961556085044,0.8243963068181818,0,0,0.02620281332731247,0.014287185339350824,0.07550881937518467,Vision person,0.05915188063268767,0.06614703754690521,0.0026532096901548067,-0.001988600322732643,0,0,17771,3251,2347,113,67,69,356,0.18293849530133363,0.13206910134488775,-0.00017648738515804488,0.0004393470417930785,-0.0005428599807070822,-0.0015219739376598255,0.0006158344269511234,0.0009791139569527434,251,199,0.08048016826311746,Local reconstruction or filter response; compare variants to isolate stage,low
02_overexposed_beach_portrait,Phase 5 · Shadow Budget C,341,512,0.06361680621072333,0.0862026862026862,0.00043551935587356476,0.001221001221001221,0.860961556085044,0.8243963068181818,0,0,0.02620281332731247,0.014287185339350824,0.07550881937518467,Vision person,0.05915188063268767,0.06614703754690521,0.0026532096901548067,-0.001988600322732643,0,0,17771,3251,2347,113,67,69,356,0.18293849530133363,0.13206910134488775,-0.00017648738515804488,0.0004393470417930785,-0.0005428599807070822,-0.0015219739376598255,0.0006158344269511234,0.0009791139569527434,251,199,0.08048016826311746,Local reconstruction or filter response; compare variants to isolate stage,low
02_portrait_dark_skin,Off / Original pipeline,512,341,0,0,0,0,0,0,0,0,0,0,0,Vision person,0,0,0,0,0,0,30885,0,0,0,0,0,0,0,0,0,0,0,0,0,0,0,0,0,No strong artifact signature at diagnostic thresholds,low
02_portrait_dark_skin,Phase 1 · Bilateral,512,341,0.012905343417770464,0.03467643467643468,0.0016794323784794527,0.005128205128205128,0.13713114002932553,0.03212060117302053,0.013414131231671554,0.002302510997067449,0.01247340514859803,0.005582200185844496,0.06774795912631319,Vision person,0.010397837816813726,0.016123282704371775,0.006346378698206084,0.0033880433364239185,0,0.00012028042521994135,30885,4740,5906,301,136,134,406,0.15347255949490043,0.1912255140035616,-0.0008487609774999748,0.00010632608265945198,-0.0010680721260132304,-0.020288417235770972,0.0009550870601594268,0.01922034510975774,32,324,0.27534032271554076,Local reconstruction or filter response; compare variants to isolate stage,low
02_portrait_dark_skin,Phase 1 · Gaussian,512,341,0.012553935457449972,0.03882783882783883,0.0018216290637262406,0.006349206349206349,0.17879398826979473,0.028472094941348974,0.00568754582111437,0.001374633431085044,0.012230067274720114,0.013414128935077487,0.011261624300431615,Vision person,0.014511030602836376,0.010042350496860974,0.00712110169875128,0.006779899453224996,0,0.0013459952346041057,30885,5938,3443,755,91,95,1118,0.19226161567103772,0.11147806378500891,0.0025662690097201625,0.000875432636262427,0.0006389126031329313,-0.014223124985759374,0.0016908363734577355,0.014862037588892305,118,321,0.370781715765285,Local reconstruction or filter response; compare variants to isolate stage,low
02_portrait_dark_skin,Phase 1 · Guided,512,341,0.016798221439312182,0.05030525030525031,0.0017162517246677958,0.005372405372405372,0.08689401576246335,0.05020848607038123,0.0373900293255132,0.015252703445747801,0.01248094913938587,0.0038842837497706974,0.16238789918130417,Vision person,0.010413796535643534,0.02499149993569214,0.00916541130153743,-0.005972682756008081,0,0,30885,5487,7867,297,132,113,603,0.17765905779504615,0.25471911931358265,0.006132568534339843,-0.0010921679904228611,-0.0006157794264163748,-0.02155059440410696,0.0072247365247627045,0.020934814977690584,47,168,0.29790441195170086,Local reconstruction or filter response; compare variants to isolate stage,low
02_portrait_dark_skin,Phase 2 · A,512,341,0.016782059683922216,0.04957264957264957,0.0017213230744719248,0.005372405372405372,0.08960318914956011,0.04976173020527859,0.037281204178885634,0.015201154692082112,0.012482084636097087,0.0039195297845187145,0.1617906474748233,Vision person,0.010419561790968814,0.02494719874596097,0.009064665200698645,-0.005680069029325142,0,0,30885,5373,7699,280,123,106,602,0.17396794560466244,0.24927958555933302,0.006114894569797999,-0.001077300647211759,-0.0007218488965153813,-0.021576404219968207,0.007192195217009758,0.020854555323452827,47,168,0.29790441195170086,Local reconstruction or filter response; compare variants to isolate stage,low
02_portrait_dark_skin,Phase 2 · B,512,341,0.01230783316917893,0.041758241758241756,0.001703053626283067,0.005372405372405372,0.08912779508797654,0.044778684017595306,0,0,0.012482084636097087,0.0035922727594477253,0.06811598452750503,Vision person,0.009641430888885399,0.015729688198482177,0.005629974258127747,-0.0022456208271241437,0,0,30885,4269,6882,149,112,97,509,0.1382224380767363,0.22282661486158328,0.0022752984812387527,-0.0004669481483245904,-0.0007854871609548767,-0.0072078292634694344,0.002742246629563343,0.006422342102514558,471,161,0.09367640813191731,Local reconstruction or filter response; compare variants to isolate stage,low
02_portrait_dark_skin,Phase 2 · C,512,341,0.017893472732451118,0.042002442002442006,0.0024983952240784308,0.008547008547008548,0.4214454270527859,0.04481877749266862,0,0,0.02081172666256483,0.00436582097517397,0.06811598452750503,Vision person,0.014939565234058174,0.021684289783642566,0.008258293171228805,-0.002048566950554994,0,0,30885,6828,9951,399,185,172,761,0.22107819329771733,0.32219524040796504,-0.0004936975728033892,-0.0005477135494531462,-0.00122157287082646,-0.008013460455453989,5.4015976649756975e-05,0.006791887584627529,487,160,0.10763543968399367,Local reconstruction or filter response; compare variants to isolate stage,low
02_portrait_dark_skin,Phase 4 · Combined,512,341,0.01617858896480834,0.041758241758241756,0.002344035080034779,0.00805860805860806,0.37762325879765396,0.044778684017595306,0,0,0.018247354929341278,0.004142807890106238,0.06811598452750503,Vision person,0.014332662177432422,0.018547509029042803,0.007669925203478373,-0.0019192272742700035,0,0,30885,6304,9267,327,174,166,760,0.20411202849279586,0.3000485672656629,0.0015450183392201305,-0.0005347373740595634,-0.0012101815955943439,-0.00793700195666666,0.002079755713279694,0.006726820361072316,157,276,0.10301156217853227,Local reconstruction or filter response; compare variants to isolate stage,low
02_portrait_dark_skin,Phase 4 · Semantic,512,341,0.015636418880518393,0.041758241758241756,0.002294992147841743,0.00805860805860806,0.33832592558651026,0.044778684017595306,0,0,0.01741319984016312,0.00412049984524505,0.06811598452750503,Vision person,0.014185184858233587,0.01749882069233524,0.0075375761999863745,-0.00195452224627257,0,0,30885,6243,9155,318,169,165,760,0.2021369596891695,0.29642221142949654,0.0014787895548694803,-0.0005297019937022215,-0.0012279985734146548,-0.007816042636676072,0.002008491548571702,0.0065880440632614164,157,276,0.10301156217853227,Local reconstruction or filter response; compare variants to isolate stage,low
02_portrait_dark_skin,Phase 4 · Spatial,512,341,0.014921340524814565,0.041758241758241756,0.0021283512691574968,0.007081807081807082,0.32317631964809385,0.044778684017595306,0,0,0.01642340193823076,0.0038638510045454107,0.06811598452750503,Vision person,0.012513001674341552,0.018012016852487926,0.006894721918764516,-0.0018606540059975245,0,0,30885,5219,8131,214,139,141,510,0.16898170632993362,0.2632669580702606,0.0019148287979542668,-0.0005376311643696263,-0.0009813864427837599,-0.007835134628332735,0.002452459962323893,0.006853748185548975,488,160,0.09772142519553502,Local reconstruction or filter response; compare variants to isolate stage,low
02_portrait_dark_skin,Phase 5 · Shadow Budget A,512,341,0.017780858160069763,0.042002442002442006,0.002478004460427591,0.008547008547008548,0.4211934109237537,0.04481877749266862,0,0,0.020636212675069352,0.00436582097517397,0.06811598452750503,Vision person,0.014746721487203358,0.021674635145775906,0.008270500302158196,-0.0020322075411735147,0,0,30885,6846,9958,401,185,172,761,0.22166100048567267,0.32242188764772545,-0.00048388864935074686,-0.0005480008199810982,-0.0012197890788301885,-0.008123409126994694,6.411217063035133e-05,0.0069036200481645054,487,160,0.10763543968399367,Local reconstruction or filter response; compare variants to isolate stage,low
02_portrait_dark_skin,Phase 5 · Shadow Budget B,512,341,0.01789020468935375,0.042002442002442006,0.0024993868887164586,0.008547008547008548,0.4214454270527859,0.04481877749266862,0,0,0.020806633296198494,0.00436582097517397,0.06811598452750503,Vision person,0.01493375889263525,0.021684279196839535,0.00825985349557208,-0.002046943373628363,0,0,30885,6828,9953,399,185,172,761,0.22107819329771733,0.3222599967621823,-0.0004936975728033892,-0.0005477135494531462,-0.00122157287082646,-0.008016375774115072,5.4015976649756975e-05,0.006794802903288611,487,160,0.10763543968399367,Local reconstruction or filter response; compare variants to isolate stage,low
02_portrait_dark_skin,Phase 5 · Shadow Budget C,512,341,0.01777907572739068,0.042002442002442006,0.002475663475191881,0.008547008547008548,0.4211934109237537,0.04481877749266862,0,0,0.02063343468763547,0.00436582097517397,0.06811598452750503,Vision person,0.014743550134619934,0.021674635145775906,0.008271883560685624,-0.002030781306695306,0,0,30885,6846,9958,401,185,172,761,0.22166100048567267,0.32242188764772545,-0.00048388864935074686,-0.0005480008199810982,-0.0012197890788301885,-0.008129278425358244,6.411217063035133e-05,0.006909489346528055,487,160,0.10763543968399367,Local reconstruction or filter response; compare variants to isolate stage,low
03_landscape_clouds,Off / Original pipeline,288,512,0,0,0,0,0,0,0,0,0,0,0,unavailable,,,0,0,0,0,35110,0,0,0,0,0,0,0,0,0,0,0,0,0,0,0,0,0,No strong artifact signature at diagnostic thresholds,low
03_landscape_clouds,Phase 1 · Bilateral,288,512,0.016254872532820257,0.05616605616605617,0.0023990829974426735,0.010012210012210013,0.2726576063368056,0.06199815538194445,0.017313639322916668,0.0022718641493055555,0.022451597575426502,0.007998331158427768,0.05051873080769766,unavailable,,,0.010966054975436991,0.007676399207417652,0,2.712673611111111e-05,35110,7681,8130,621,204,154,843,0.21876958131586444,0.2315579606949587,-0.00038279195623617277,-0.0016695794381251159,0.001932776240365846,-0.0006762264947870531,0.001286787481888943,0.002609002735152899,80,440,0.2757479747136434,Local reconstruction or filter response; compare variants to isolate stage,low
03_landscape_clouds,Phase 1 · Gaussian,288,512,0.016610675091429564,0.07252747252747253,0.002503036574680902,0.010744810744810745,0.2347344292534722,0.08912489149305555,0.025627983940972224,0.0030381944444444445,0.024158678132023378,0.01202522917315506,0.00942639300662999,unavailable,,,0.014083535788241584,0.013544089624242077,0,0.00011528862847222222,35110,6687,4398,1353,147,124,318,0.1904585588151524,0.12526345770435773,-0.001032390685824996,-0.004062391914149408,0.002918323648295232,0.006138603103292033,0.0030300012283244124,0.003220279454996801,95,474,0.3596241889366259,Local reconstruction or filter response; compare variants to isolate stage,low
03_landscape_clouds,Phase 1 · Guided,288,512,0.020041446208516382,0.08058608058608059,0.00232425313453019,0.010012210012210013,0.3133138020833333,0.06414116753472222,0.04275851779513889,0.014573838975694444,0.021376073367911377,0.004723648776221998,0.14847496990928957,unavailable,,,0.0153112020544004,-0.012284357667497482,0,0,35110,9018,12416,888,176,119,3082,0.25684990031330107,0.35363144403303903,-0.0023271801110926363,0.0006477792313302099,-0.0016579937722001757,5.8038784092267245e-05,0.0029749593424228463,0.001716032556292443,207,319,0.3006443853179614,Local reconstruction or filter response; compare variants to isolate stage,low
03_landscape_clouds,Phase 2 · A,288,512,0.020044529242270008,0.07985347985347985,0.0023349689445572685,0.010012210012210013,0.3134358723958333,0.06364610460069445,0.042243109809027776,0.01409912109375,0.02138644790313029,0.004920615480137935,0.1466980387466922,unavailable,,,0.014818246747379197,-0.011544300408975198,0,0,35110,8917,12217,844,178,115,3045,0.25397322700085445,0.3479635431500997,-0.0023326165726519407,0.0006848842283019737,-0.001481281327349799,3.988977127197099e-05,0.0030175008009539145,0.00152117109862177,207,319,0.30003997186819714,Local reconstruction or filter response; compare variants to isolate stage,low
03_landscape_clouds,Phase 2 · B,288,512,0.014974411197074952,0.057631257631257635,0.002298620077813752,0.010012210012210013,0.3129475911458333,0.05678982204861111,0,0,0.02138644790313029,0.004684745985237369,0.066041553157727,unavailable,,,0.008702303444153275,-0.005425342676224417,0,0,35110,7670,11101,500,176,126,1642,0.21845628026203362,0.31617772714326403,-0.0016077883175700072,0.0006349352107564402,0.00015065723231860568,0.00013947965981060407,0.002242723528326447,1.117757250800161e-05,210,322,0.10266755769650142,Local reconstruction or filter response; compare variants to isolate stage,low
03_landscape_clouds,Phase 2 · C,288,512,0.021859928789365046,0.05860805860805861,0.003376423882083082,0.014407814407814409,0.4409586588541667,0.1514350043402778,0,0,0.03670803472522461,0.0063173561774063055,0.066041553157727,unavailable,,,0.012435905492195533,-0.006002538437260574,0,0,35110,9990,13710,958,271,174,1642,0.2845343207063515,0.390487040729137,-0.0020497278757995938,0.001132299837269192,0.00017461465405566352,0.0005028508284729989,0.003182027713068786,0.00032823617441733537,210,322,0.12466801206270853,Local reconstruction or filter response; compare variants to isolate stage,low
03_landscape_clouds,Phase 4 · Combined,288,512,0.01807725216749947,0.057631257631257635,0.0028418290155771053,0.012454212454212455,0.3825480143229167,0.057027180989583336,0,0,0.028782685628182345,0.005069308708680219,0.066041553157727,unavailable,,,0.010607605652945842,-0.005461999733445831,0,0,35110,9062,12536,675,220,161,1642,0.25810310452862434,0.3570492737111934,-0.0019548242529643695,0.0007032636574530486,0.00017779579918299402,0.00023369183724883313,0.002658087910417418,5.5896038065839104e-05,210,322,0.10824072360992432,Local reconstruction or filter response; compare variants to isolate stage,low
03_landscape_clouds,Phase 4 · Semantic,288,512,0.01807725216749947,0.057631257631257635,0.0028418290155771053,0.012454212454212455,0.3825480143229167,0.057027180989583336,0,0,0.028782685628182345,0.005069308708680219,0.066041553157727,unavailable,,,0.010607605652945842,-0.005461999733445831,0,0,35110,9062,12536,675,220,161,1642,0.25810310452862434,0.3570492737111934,-0.0019548242529643695,0.0007032636574530486,0.00017779579918299402,0.00023369183724883313,0.002658087910417418,5.5896038065839104e-05,210,322,0.10824072360992432,Local reconstruction or filter response; compare variants to isolate stage,low
03_landscape_clouds,Phase 4 · Spatial,288,512,0.01807725216749947,0.057631257631257635,0.0028418290155771053,0.012454212454212455,0.3825480143229167,0.057027180989583336,0,0,0.028782685628182345,0.005069308708680219,0.066041553157727,unavailable,,,0.010607605652945842,-0.005461999733445831,0,0,35110,9062,12536,675,220,161,1642,0.25810310452862434,0.3570492737111934,-0.0019548242529643695,0.0007032636574530486,0.00017779579918299402,0.00023369183724883313,0.002658087910417418,5.5896038065839104e-05,210,322,0.10824072360992432,Local reconstruction or filter response; compare variants to isolate stage,low
03_landscape_clouds,Phase 5 · Shadow Budget A,288,512,0.021825869968867127,0.05860805860805861,0.0033588867853178656,0.014407814407814409,0.4377509223090278,0.1514350043402778,0,0,0.03662093638431236,0.0063173561774063055,0.066041553157727,unavailable,,,0.012471722516290031,-0.0059621259659235395,0,0,35110,10006,13709,966,271,174,1642,0.28499003133010536,0.3904585588151524,-0.002071455974994514,0.0011114345426673055,0.00017461465405566352,0.000509743311002759,0.0031828905176618195,0.00033512865694709554,210,322,0.12466801206270853,Local reconstruction or filter response; compare variants to isolate stage,low
03_landscape_clouds,Phase 5 · Shadow Budget B,288,512,0.021856967050241663,0.05860805860805861,0.003372330507329102,0.014407814407814409,0.4409586588541667,0.1514350043402778,0,0,0.03670046069417801,0.0063173561774063055,0.066041553157727,unavailable,,,0.012440125698369983,-0.005998169116752393,0,0,35110,9992,13710,958,271,174,1642,0.2845912845343207,0.390487040729137,-0.002052882962205995,0.0011315910499736976,0.00017461465405566352,0.0005096321118149457,0.0031844740121796927,0.00033501745775928226,210,322,0.12466801206270853,Local reconstruction or filter response; compare variants to isolate stage,low
03_landscape_clouds,Phase 5 · Shadow Budget C,288,512,0.021823614902084534,0.05860805860805861,0.003357860367315099,0.014407814407814409,0.4377509223090278,0.1514350043402778,0,0,0.03661516952061777,0.0063173561774063055,0.066041553157727,unavailable,,,0.012475127425708929,-0.005958638453727724,0,0,35110,10008,13709,966,272,174,1642,0.28504699515807463,0.3904585588151524,-0.002072504523322918,0.0011101914663283554,0.00017461465405566352,0.0005112266067434186,0.0031826959896512734,0.0003366119526877551,210,322,0.12466801206270853,Local reconstruction or filter response; compare variants to isolate stage,low
03_warm_tungsten_interior,Off / Original pipeline,341,512,0,0,0,0,0,0,0,0,0,0,0,unavailable,,,0,0,0,0,5175,0,0,0,0,0,0,0,0,0,0,0,0,0,0,0,0,0,No strong artifact signature at diagnostic thresholds,low
03_warm_tungsten_interior,Phase 1 · Bilateral,341,512,0.0005585970056722562,0.0007326007326007326,0.001840556762830823,0.00805860805860806,0.009238682184750734,0.0007331378299120235,0,0,0.00020842463341021848,0.0016064235453852405,0.02959519352567121,unavailable,,,0.00020512976559747254,2.2529731753323538e-05,0,0,5175,209,203,0,9,4,71,0.04038647342995169,0.03922705314009662,1.4562124194066222e-05,-1.2476331086141017e-05,-1.8484161414411427e-05,-5.0209222338232704e-05,2.703845528020724e-05,3.172506092382128e-05,66,122,0.06261481841405232,Local reconstruction or filter response; compare variants to isolate stage,low
03_warm_tungsten_interior,Phase 1 · Gaussian,341,512,0.00018363750026468493,0.0007326007326007326,0.0018157191426674127,0.00805860805860806,0,0,0,0,0.00020841954715860849,6.177077268909e-06,1.6759203925341927e-06,unavailable,,,9.935585441196287e-05,6.0258343163727176e-05,0,0,5175,0,0,0,0,0,0,0,0,1.4562124194066222e-05,-1.2476331086141017e-05,-1.8484161414411427e-05,-5.0209222338232704e-05,2.703845528020724e-05,3.172506092382128e-05,0,0,0,No strong artifact signature at diagnostic thresholds,low
03_warm_tungsten_interior,Phase 1 · Guided,341,512,0.0011167761009846084,0.0007326007326007326,0.0018677238740249496,0.00805860805860806,0.012635172287390029,0.007514662756598241,0.0028810025659824047,0,0.00020841954715860849,0.0023953618061252906,0.1025377237700733,unavailable,,,0.0005700434190020483,-0.00041079706598048514,0,0,5175,362,492,0,10,6,158,0.06995169082125603,0.09507246376811594,1.4562124194066222e-05,-1.2476331086141017e-05,-1.8484161414411427e-05,-5.0209222338232704e-05,2.703845528020724e-05,3.172506092382128e-05,67,122,0.17788050572077432,Local reconstruction or filter response; compare variants to isolate stage,low
03_warm_tungsten_interior,Phase 2 · A,341,512,0.0011201620459982322,0.0007326007326007326,0.001875974508471275,0.008302808302808303,0.012646627565982404,0.0075891220674486806,0.002823726173020528,0,0.0002116198818316182,0.0024390832677192186,0.10183525912550377,unavailable,,,0.0005677545679789948,-0.00038337344682063984,1.1455278592375367e-05,0,5175,377,490,0,10,6,158,0.07285024154589372,0.09468599033816426,6.953540038787278e-05,-3.3830431026992836e-06,-1.743794644843742e-05,-5.108167020269188e-05,7.291844349057206e-05,3.364372375425446e-05,67,122,0.1737069090207418,Local reconstruction or filter response; compare variants to isolate stage,low
03_warm_tungsten_interior,Phase 2 · B,341,512,0.0008265846471310088,0.0007326007326007326,0.0018622293192467935,0.008302808302808303,0.012526347140762463,0.0061343016862170086,0,0,0.0002116198818316182,0.0021721511356695916,0.060787492174064886,unavailable,,,0.0003676997717509959,-0.00018246566254544113,1.1455278592375367e-05,0,5175,259,354,0,8,5,116,0.05004830917874396,0.06840579710144927,6.953540038787278e-05,-3.3830431026992836e-06,-1.743794644843742e-05,-5.108167020269188e-05,7.291844349057206e-05,3.364372375425446e-05,33,113,0.07089779774347942,Local reconstruction or filter response; compare variants to isolate stage,low
03_warm_tungsten_interior,Phase 2 · C,341,512,0.0008265846471310088,0.0007326007326007326,0.0018622293192467935,0.008302808302808303,0.012526347140762463,0.0061343016862170086,0,0,0.0002116198818316182,0.0021721511356695916,0.060787492174064886,unavailable,,,0.0003676997717509959,-0.00018246566254544113,1.1455278592375367e-05,0,5175,259,354,0,8,5,116,0.05004830917874396,0.06840579710144927,6.953540038787278e-05,-3.3830431026992836e-06,-1.743794644843742e-05,-5.108167020269188e-05,7.291844349057206e-05,3.364372375425446e-05,33,113,0.07089779774347942,Local reconstruction or filter response; compare variants to isolate stage,low
03_warm_tungsten_interior,Phase 4 · Combined,341,512,0.0008265846471310088,0.0007326007326007326,0.0018622293192467935,0.008302808302808303,0.012526347140762463,0.0061343016862170086,0,0,0.0002116198818316182,0.0021721511356695916,0.060787492174064886,unavailable,,,0.0003676997717509959,-0.00018246566254544113,1.1455278592375367e-05,0,5175,259,354,0,8,5,116,0.05004830917874396,0.06840579710144927,6.953540038787278e-05,-3.3830431026992836e-06,-1.743794644843742e-05,-5.108167020269188e-05,7.291844349057206e-05,3.364372375425446e-05,33,113,0.07089779774347942,Local reconstruction or filter response; compare variants to isolate stage,low
03_warm_tungsten_interior,Phase 4 · Semantic,341,512,0.0008265846471310088,0.0007326007326007326,0.0018622293192467935,0.008302808302808303,0.012526347140762463,0.0061343016862170086,0,0,0.0002116198818316182,0.0021721511356695916,0.060787492174064886,unavailable,,,0.0003676997717509959,-0.00018246566254544113,1.1455278592375367e-05,0,5175,259,354,0,8,5,116,0.05004830917874396,0.06840579710144927,6.953540038787278e-05,-3.3830431026992836e-06,-1.743794644843742e-05,-5.108167020269188e-05,7.291844349057206e-05,3.364372375425446e-05,33,113,0.07089779774347942,Local reconstruction or filter response; compare variants to isolate stage,low
03_warm_tungsten_interior,Phase 4 · Spatial,341,512,0.0008265846471310088,0.0007326007326007326,0.0018622293192467935,0.008302808302808303,0.012526347140762463,0.0061343016862170086,0,0,0.0002116198818316182,0.0021721511356695916,0.060787492174064886,unavailable,,,0.0003676997717509959,-0.00018246566254544113,1.1455278592375367e-05,0,5175,259,354,0,8,5,116,0.05004830917874396,0.06840579710144927,6.953540038787278e-05,-3.3830431026992836e-06,-1.743794644843742e-05,-5.108167020269188e-05,7.291844349057206e-05,3.364372375425446e-05,33,113,0.07089779774347942,Local reconstruction or filter response; compare variants to isolate stage,low
03_warm_tungsten_interior,Phase 5 · Shadow Budget A,341,512,0.0008265846471310088,0.0007326007326007326,0.0018622293192467935,0.008302808302808303,0.012526347140762463,0.0061343016862170086,0,0,0.0002116198818316182,0.0021721511356695916,0.060787492174064886,unavailable,,,0.0003676997717509959,-0.00018246566254544113,1.1455278592375367e-05,0,5175,259,354,0,8,5,116,0.05004830917874396,0.06840579710144927,6.953540038787278e-05,-3.3830431026992836e-06,-1.743794644843742e-05,-5.108167020269188e-05,7.291844349057206e-05,3.364372375425446e-05,33,113,0.07089779774347942,Local reconstruction or filter response; compare variants to isolate stage,low
03_warm_tungsten_interior,Phase 5 · Shadow Budget B,341,512,0.0008265846471310088,0.0007326007326007326,0.0018622293192467935,0.008302808302808303,0.012526347140762463,0.0061343016862170086,0,0,0.0002116198818316182,0.0021721511356695916,0.060787492174064886,unavailable,,,0.0003676997717509959,-0.00018246566254544113,1.1455278592375367e-05,0,5175,259,354,0,8,5,116,0.05004830917874396,0.06840579710144927,6.953540038787278e-05,-3.3830431026992836e-06,-1.743794644843742e-05,-5.108167020269188e-05,7.291844349057206e-05,3.364372375425446e-05,33,113,0.07089779774347942,Local reconstruction or filter response; compare variants to isolate stage,low
03_warm_tungsten_interior,Phase 5 · Shadow Budget C,341,512,0.0008265846471310088,0.0007326007326007326,0.0018622293192467935,0.008302808302808303,0.012526347140762463,0.0061343016862170086,0,0,0.0002116198818316182,0.0021721511356695916,0.060787492174064886,unavailable,,,0.0003676997717509959,-0.00018246566254544113,1.1455278592375367e-05,0,5175,259,354,0,8,5,116,0.05004830917874396,0.06840579710144927,6.953540038787278e-05,-3.3830431026992836e-06,-1.743794644843742e-05,-5.108167020269188e-05,7.291844349057206e-05,3.364372375425446e-05,33,113,0.07089779774347942,Local reconstruction or filter response; compare variants to isolate stage,low
04_backlight,Off / Original pipeline,341,512,0,0,0,0,0,0,0,0,0,0,0,Vision person,0,0,0,0,0,0,14114,0,0,0,0,0,0,0,0,0,0,0,0,0,0,0,0,0,No strong artifact signature at diagnostic thresholds,low
04_backlight,Phase 1 · Bilateral,341,512,0.07113946161828147,0.305982905982906,0.009434691105000281,0.022466422466422466,0.7462999450146628,0.2839076246334311,0.18249977089442815,0.14067082111436952,0.037446583100921825,0.01611536990694376,0.24029804506911132,Vision person,0.036398537562989525,0.09538297249240381,0.010725565358206932,0.00605518865646895,0,0,14114,4350,4359,1027,95,81,282,0.3082046195267111,0.30884228425676635,-0.0010122774411883367,-0.0070747390997956,-1.3638479111778052e-05,-0.0013703574308298325,0.006062461658607263,0.0013567189517180544,48,444,0.3181384702523549,Local reconstruction or filter response; compare variants to isolate stage,low
04_backlight,Phase 1 · Gaussian,341,512,0.06239157429742172,0.2915750915750916,0.009064747345299155,0.02271062271062271,0.6723847598973607,0.2699780058651026,0.16938920454545456,0.1137451887829912,0.035351796047009096,0.02192745403231888,0.193514328287142,Vision person,0.03534809422931414,0.08126352203438492,0.012136681084786318,0.010434566943901703,0,1.718291788856305e-05,14114,5055,1915,1033,76,56,1049,0.3581550233810401,0.13568088422842567,-0.0072007786035463515,-0.0033559929601759074,-0.0001366490323738029,-0.0013263986203988333,0.003844785643370444,0.0011897495880250305,24,443,0.3348441372315089,Local reconstruction or filter response; compare variants to isolate stage,low
04_backlight,Phase 1 · Guided,341,512,0.07128095610062612,0.30915750915750917,0.00919532369579051,0.02197802197802198,0.7438084219208211,0.21100050403225806,0.18022017045454544,0.146484375,0.03587325676649996,0.01071671576813294,0.2524845424815147,Vision person,0.03480577078566018,0.09673469908142934,0.009361465332817261,-0.004524847689152293,0,0,14114,4014,5105,846,78,67,630,0.2843984696046479,0.3616976052146805,0.0015936802466032633,-0.007286982958861794,0,-0.0012584163222090535,0.008880663205465057,0.0012584163222090535,254,336,0.3377225051323573,Local reconstruction or filter response; compare variants to isolate stage,low
04_backlight,Phase 2 · A,341,512,0.07134503304082514,0.3094017094017094,0.009200205002751285,0.02197802197802198,0.7439401576246334,0.2128505315249267,0.18014571114369501,0.14655883431085043,0.0358952582794746,0.010831920842932979,0.2526095804269122,Vision person,0.03481974470779666,0.09683373977392498,0.00924721337084111,-0.004159018116148825,0,0,14114,4016,5036,863,80,68,634,0.2845401728779935,0.35680884228425674,0.0015757427897779234,-0.00732894864423104,3.664191035705751e-06,-0.001259742782161405,0.008904691434008963,0.0012634069731971107,254,336,0.3369765629371007,Local reconstruction or filter response; compare variants to isolate stage,low
04_backlight,Phase 2 · B,341,512,0.037966970783486764,0.08669108669108669,0.008722634211916649,0.02197802197802198,0.7424796096041055,0.2030849065249267,0,0,0.0358952582794746,0.009488186598024728,0.0798382068833767,Vision person,0.03317791920097793,0.04130894936564829,0.005818051747771247,-0.0008704151053399356,0,0,14114,2847,4934,262,70,67,575,0.20171460960748194,0.34958197534363045,0.0021451202909502968,-0.00404611801454033,3.664191035705751e-06,-0.001259742782161405,0.0061912383054906275,0.0012634069731971107,254,336,0.12215210497379303,Local reconstruction or filter response; compare variants to isolate stage,low
04_backlight,Phase 2 · C,341,512,0.05141213690784062,0.0884004884004884,0.011935086430940666,0.028815628815628817,0.7703331195014663,0.5856740285923754,0.00010882514662756598,0,0.05904272662092555,0.010655509407006792,0.0798382068833767,Vision person,0.05346952974868325,0.04997641154745798,0.009746208869096365,0.00020856364673400886,0,0,14114,3658,5984,518,100,71,785,0.2591752869491285,0.42397619385007795,0.0035063354716825474,-0.006671799038837393,3.664191035705751e-06,-0.002174096719961152,0.01017813451051994,0.0021777609109968578,254,336,0.15270357578992844,Local reconstruction or filter response; compare variants to isolate stage,low
04_backlight,Phase 4 · Combined,341,512,0.04738772347917858,0.08669108669108669,0.011130488020850449,0.027594627594627594,0.7616614736070382,0.5384782807917888,0,0,0.052181313808244596,0.010147047556627079,0.0798382068833767,Vision person,0.05039442551859323,0.04528953479911405,0.008333640037187371,-2.287645372919632e-05,0,0,14114,3421,5635,430,91,67,754,0.24238344905767323,0.39924897265126824,0.002075031301307221,-0.004942005211524517,3.664191035705751e-06,-0.0018375319304940745,0.007017036512831738,0.0018411961215297802,170,73,0.13631602376699448,Local reconstruction or filter response; compare variants to isolate stage,low
04_backlight,Phase 4 · Semantic,341,512,0.04575318641598541,0.08669108669108669,0.010778649599920087,0.02735042735042735,0.758024422653959,0.4891174853372434,0,0,0.04934384374722006,0.010060648851779808,0.0798382068833767,Vision person,0.04973370415710018,0.042975432865510886,0.007685417949431165,-0.00022429714862910965,0,0,14114,3260,5513,385,83,65,745,0.2309763355533513,0.3906050729771858,0.001524231321942729,-0.004461879797457937,3.664191035705751e-06,-0.0014773716899676085,0.005986111119400665,0.0014810358810033143,170,73,0.13578103234370548,Local reconstruction or filter response; compare variants to isolate stage,low
04_backlight,Phase 4 · Spatial,341,512,0.04388258443006762,0.08669108669108669,0.010241789126273741,0.02490842490842491,0.7522853280791789,0.4724156891495601,0,0,0.04614729156885092,0.009841552975404635,0.0798382068833767,Vision person,0.04220855158387445,0.045050786906367046,0.007636770145692995,-0.00018508328891865672,0,0,14114,3294,5483,378,87,69,733,0.23338529120022672,0.3884795238770016,0.0024375379511314735,-0.004942005211524517,3.664191035705751e-06,-0.0018078606069268056,0.00737954316265599,0.0018115247979625113,254,336,0.1305659612019857,Local reconstruction or filter response; compare variants to isolate stage,low
04_backlight,Phase 5 · Shadow Budget A,341,512,0.05135932191882325,0.0884004884004884,0.01189852805252176,0.02857142857142857,0.7674005681818182,0.585662573313783,0.00010882514662756598,0,0.05894986491474,0.010655509407006792,0.0798382068833767,Vision person,0.05335864696994713,0.04996411842507958,0.009756682441025259,0.00021920199906290375,0,0,14114,3658,5984,518,100,71,785,0.2591752869491285,0.42397619385007795,0.003505358389259661,-0.006681175611586685,3.664191035705751e-06,-0.0021938739293831714,0.010186534000846346,0.0021975381204188773,254,336,0.15270357578992844,Local reconstruction or filter response; compare variants to isolate stage,low
04_backlight,Phase 5 · Shadow Budget B,341,512,0.05140784060522879,0.0884004884004884,0.011925476850768058,0.028815628815628817,0.7703331195014663,0.5856740285923754,0.00010882514662756598,0,0.05903517266705286,0.010655509407006792,0.0798382068833767,Vision person,0.053459816704355075,0.0499758952489846,0.009750775321145986,0.00021313506608536527,0,0,14114,3658,5984,518,100,71,785,0.2591752869491285,0.42397619385007795,0.0035054535585301613,-0.0066725520350306156,3.664191035705751e-06,-0.0021855930913115915,0.010178005593560777,0.0021892572823472975,254,336,0.15270357578992844,Local reconstruction or filter response; compare variants to isolate stage,low
04_backlight,Phase 5 · Shadow Budget C,341,512,0.05135529005440309,0.0884004884004884,0.01188997251461749,0.02857142857142857,0.7674005681818182,0.585662573313783,0.00010882514662756598,0,0.058942775908074826,0.010655509407006792,0.0798382068833767,Vision person,0.0533494304509896,0.049963704605719333,0.009761226265393004,0.00022374992918869013,0,0,14114,3658,5984,518,100,71,785,0.2591752869491285,0.42397619385007795,0.003504565086255622,-0.00668128012230553,3.664191035705751e-06,-0.002205305116031645,0.010185845208561152,0.002208969307067351,254,336,0.15270357578992844,Local reconstruction or filter response; compare variants to isolate stage,low
04_blue_hour_noisy_portrait,Off / Original pipeline,341,512,0,0,0,0,0,0,0,0,0,0,0,Vision person,0,0,0,0,0,0,2774,0,0,0,0,0,0,0,0,0,0,0,0,0,0,0,0,0,No strong artifact signature at diagnostic thresholds,low
04_blue_hour_noisy_portrait,Phase 1 · Bilateral,341,512,0.000243171964413591,0.0004884004884004884,0.0014245873781403011,0.009035409035409036,0.0009393328445747801,0.0005899468475073314,0.0002405608504398827,0,0.00017466260574953418,0,0.03447515935821329,Vision person,0.000497119233027784,0.00011238162870732945,0.00010770332719642311,2.350209116594864e-05,0,0,2774,53,239,0,2,4,91,0.01910598413842826,0.08615717375630857,-5.3112851284199446e-05,0.0017530283604960044,0,1.9739345310018835e-05,0.0018061412117802039,1.9739345310018835e-05,96,236,0.11770101388295491,Local reconstruction or filter response; compare variants to isolate stage,low
04_blue_hour_noisy_portrait,Phase 1 · Gaussian,341,512,0.00016932144663516033,0.0004884004884004884,0.0014211574175958233,0.009035409035409036,0,0,0,0,0.00017466260574953418,0,0,Vision person,0.000497119233027784,4.959154135792613e-07,4.880643809156587e-05,2.47537782393724e-06,0,0,2774,0,0,0,0,0,0,0,0,-5.3112851284199446e-05,0,0,1.9739345310018835e-05,5.3112851284199446e-05,1.9739345310018835e-05,0,0,0,No strong artifact signature at diagnostic thresholds,low
04_blue_hour_noisy_portrait,Phase 1 · Guided,341,512,0.0004992097116060525,0.0007326007326007326,0.0014387850432086438,0.009035409035409036,0.003184567448680352,0.0022509622434017597,0.0013402675953079178,0.00022337793255131964,0.00017466260574953418,0.0018595853360878136,0.12931286300567382,Vision person,0.000497119233027784,0.0005002863697505977,0.0003405924181579996,-0.00028900396855624093,0,0,2774,281,693,0,16,11,124,0.10129776496034607,0.2498197548666186,-5.3112851284199446e-05,0.0037595795920170637,0,1.9739345310018835e-05,0.0038126924433012632,1.9739345310018835e-05,38,254,0.2432925502459208,Local reconstruction or filter response; compare variants to isolate stage,low
04_blue_hour_noisy_portrait,Phase 2 · A,341,512,0.0005112001644880159,0.0007326007326007326,0.0014510701404958917,0.007814407814407814,0.00319029508797654,0.0022395069648093843,0.0013116293988269794,0.00021192265395894428,0.00018801694931971192,0.0018947602218731653,0.12839984463497917,Vision person,0.0004985586857417418,0.0005177108990120429,0.0003759577178858348,-0.00024444013726975856,0,0,2774,285,700,0,16,11,124,0.10273972602739725,0.25234318673395817,-4.266922195642385e-05,0.003733406934991063,8.842024918409273e-06,1.9835894427517587e-05,0.003776076156947487,1.0993869509108314e-05,38,254,0.2432925502459208,Local reconstruction or filter response; compare variants to isolate stage,low
04_blue_hour_noisy_portrait,Phase 2 · B,341,512,0.0003701143094233153,0.0007326007326007326,0.001444234744078262,0.007814407814407814,0.0031673845307917886,0.0019932184750733137,0,0,0.00018801694931971192,0.0017437049329340878,0.06454296736793722,Vision person,0.0004985586857417418,0.00030396166604210005,0.00024763126873473374,-0.00011621426739393121,0,0,2774,242,633,0,13,12,106,0.08723864455659697,0.22819033886085074,-4.266922195642385e-05,0.0014671106537084181,8.842024918409273e-06,1.9835894427517587e-05,0.001509779875664842,1.0993869509108314e-05,38,254,0.07508353392283122,Local reconstruction or filter response; compare variants to isolate stage,low
04_blue_hour_noisy_portrait,Phase 2 · C,341,512,0.0003701143094233153,0.0007326007326007326,0.001444234744078262,0.007814407814407814,0.0031673845307917886,0.0019932184750733137,0,0,0.00018801694931971192,0.0017437049329340878,0.06454296736793722,Vision person,0.0004985586857417418,0.00030396166604210005,0.00024763126873473374,-0.00011621426739393121,0,0,2774,242,633,0,13,12,106,0.08723864455659697,0.22819033886085074,-4.266922195642385e-05,0.0014671106537084181,8.842024918409273e-06,1.9835894427517587e-05,0.001509779875664842,1.0993869509108314e-05,38,254,0.07508353392283122,Local reconstruction or filter response; compare variants to isolate stage,low
04_blue_hour_noisy_portrait,Phase 4 · Combined,341,512,0.0003701143094233153,0.0007326007326007326,0.001444234744078262,0.007814407814407814,0.0031673845307917886,0.0019932184750733137,0,0,0.00018801694931971192,0.0017437049329340878,0.06454296736793722,Vision person,0.0004985586857417418,0.00030396166604210005,0.00024763126873473374,-0.00011621426739393121,0,0,2774,242,633,0,13,12,106,0.08723864455659697,0.22819033886085074,-4.266922195642385e-05,0.0014671106537084181,8.842024918409273e-06,1.9835894427517587e-05,0.001509779875664842,1.0993869509108314e-05,38,254,0.07508353392283122,Local reconstruction or filter response; compare variants to isolate stage,low
04_blue_hour_noisy_portrait,Phase 4 · Semantic,341,512,0.0003701143094233153,0.0007326007326007326,0.001444234744078262,0.007814407814407814,0.0031673845307917886,0.0019932184750733137,0,0,0.00018801694931971192,0.0017437049329340878,0.06454296736793722,Vision person,0.0004985586857417418,0.00030396166604210005,0.00024763126873473374,-0.00011621426739393121,0,0,2774,242,633,0,13,12,106,0.08723864455659697,0.22819033886085074,-4.266922195642385e-05,0.0014671106537084181,8.842024918409273e-06,1.9835894427517587e-05,0.001509779875664842,1.0993869509108314e-05,38,254,0.07508353392283122,Local reconstruction or filter response; compare variants to isolate stage,low
04_blue_hour_noisy_portrait,Phase 4 · Spatial,341,512,0.0003701143094233153,0.0007326007326007326,0.001444234744078262,0.007814407814407814,0.0031673845307917886,0.0019932184750733137,0,0,0.00018801694931971192,0.0017437049329340878,0.06454296736793722,Vision person,0.0004985586857417418,0.00030396166604210005,0.00024763126873473374,-0.00011621426739393121,0,0,2774,242,633,0,13,12,106,0.08723864455659697,0.22819033886085074,-4.266922195642385e-05,0.0014671106537084181,8.842024918409273e-06,1.9835894427517587e-05,0.001509779875664842,1.0993869509108314e-05,38,254,0.07508353392283122,Local reconstruction or filter response; compare variants to isolate stage,low
04_blue_hour_noisy_portrait,Phase 5 · Shadow Budget A,341,512,0.0003701143094233153,0.0007326007326007326,0.001444234744078262,0.007814407814407814,0.0031673845307917886,0.0019932184750733137,0,0,0.00018801694931971192,0.0017437049329340878,0.06454296736793722,Vision person,0.0004985586857417418,0.00030396166604210005,0.00024763126873473374,-0.00011621426739393121,0,0,2774,242,633,0,13,12,106,0.08723864455659697,0.22819033886085074,-4.266922195642385e-05,0.0014671106537084181,8.842024918409273e-06,1.9835894427517587e-05,0.001509779875664842,1.0993869509108314e-05,38,254,0.07508353392283122,Local reconstruction or filter response; compare variants to isolate stage,low
04_blue_hour_noisy_portrait,Phase 5 · Shadow Budget B,341,512,0.0003701143094233153,0.0007326007326007326,0.001444234744078262,0.007814407814407814,0.0031673845307917886,0.0019932184750733137,0,0,0.00018801694931971192,0.0017437049329340878,0.06454296736793722,Vision person,0.0004985586857417418,0.00030396166604210005,0.00024763126873473374,-0.00011621426739393121,0,0,2774,242,633,0,13,12,106,0.08723864455659697,0.22819033886085074,-4.266922195642385e-05,0.0014671106537084181,8.842024918409273e-06,1.9835894427517587e-05,0.001509779875664842,1.0993869509108314e-05,38,254,0.07508353392283122,Local reconstruction or filter response; compare variants to isolate stage,low
04_blue_hour_noisy_portrait,Phase 5 · Shadow Budget C,341,512,0.0003701143094233153,0.0007326007326007326,0.001444234744078262,0.007814407814407814,0.0031673845307917886,0.0019932184750733137,0,0,0.00018801694931971192,0.0017437049329340878,0.06454296736793722,Vision person,0.0004985586857417418,0.00030396166604210005,0.00024763126873473374,-0.00011621426739393121,0,0,2774,242,633,0,13,12,106,0.08723864455659697,0.22819033886085074,-4.266922195642385e-05,0.0014671106537084181,8.842024918409273e-06,1.9835894427517587e-05,0.001509779875664842,1.0993869509108314e-05,38,254,0.07508353392283122,Local reconstruction or filter response; compare variants to isolate stage,low
05_backlit_sunset_silhouette,Off / Original pipeline,341,512,0,0,0,0,0,0,0,0,0,0,0,Vision person,0,0,0,0,0,0,5818,0,0,0,0,0,0,0,0,0,0,0,0,0,0,0,0,0,No strong artifact signature at diagnostic thresholds,low
05_backlit_sunset_silhouette,Phase 1 · Bilateral,341,512,0.002284184068092197,0.0004884004884004884,0.0013764756550964938,0.009523809523809525,0.01947970124633431,0.014227456011730205,0.009399056085043989,0.0024113361436950147,0.00018733476886569138,0.0011150992814413657,0.1339434563644289,Vision person,0.0006302073660052702,0.0030040326682770767,0.00044855780498943056,-0.00028114977108263737,0,0,5818,508,369,102,7,6,290,0.08731522860089377,0.06342385699553112,1.2235370609214515e-05,3.1218954639795024e-06,0,4.652679099116103e-06,9.113475145235012e-06,4.652679099116103e-06,199,134,0.1878949999809265,Local reconstruction or filter response; compare variants to isolate stage,low
05_backlit_sunset_silhouette,Phase 1 · Gaussian,341,512,0.0008021804122012383,0.0004884004884004884,0.0013202519683622304,0.009523809523809525,0.00904967008797654,0.005567265395894428,0.0021936858504398825,0,0.00018733476886569138,0.0002685218963965205,0.04310260832285021,Vision person,0.00025061221137514465,0.0010422355452452399,0.00019648460110741777,9.433962600010619e-06,0,0,5818,263,174,10,4,2,141,0.04520453764180131,0.029907184599518737,1.2235370609214515e-05,3.1218954639795024e-06,0,4.652679099116103e-06,9.113475145235012e-06,4.652679099116103e-06,208,136,0.06797667344411214,Local reconstruction or filter response; compare variants to isolate stage,low
05_backlit_sunset_silhouette,Phase 1 · Guided,341,512,0.0029346470390873747,0.0004884004884004884,0.00139514477333768,0.009523809523809525,0.020739781891495602,0.01547608137829912,0.011289177052785924,0.006071297653958944,0.00018733476886569138,0.0012758492979431937,0.1778955304469501,Vision person,0.0008318533602709282,0.003849831082649603,0.0008453986441744842,-0.000722955904403089,0,0,5818,444,626,31,8,11,222,0.07631488484015125,0.1075971124097628,1.2235370609214515e-05,-2.0267465830162775e-05,0,4.652679099116103e-06,3.250283643937729e-05,4.652679099116103e-06,199,134,0.27792831261952716,Local reconstruction or filter response; compare variants to isolate stage,low
05_backlit_sunset_silhouette,Phase 2 · A,341,512,0.0030033742466302597,0.0007326007326007326,0.0014203842400865902,0.009523809523809525,0.020734054252199412,0.015556268328445748,0.011329270527859238,0.0060999358504398825,0.00019799264695892163,0.0014767724410265322,0.17842437679521583,Vision person,0.0008348922755320759,0.003947147341772163,0.0009160457058357347,-0.000598344202719742,0,0,5818,454,610,33,8,12,232,0.07803368855276728,0.10484702646957718,4.454676058795953e-05,1.5833448919892473e-05,0,6.702515619154175e-06,2.8713311668067054e-05,6.702515619154175e-06,199,134,0.2766770124435425,Local reconstruction or filter response; compare variants to isolate stage,low
05_backlit_sunset_silhouette,Phase 2 · B,341,512,0.001456040682769306,0.0007326007326007326,0.0013846928039207237,0.009523809523809525,0.020613773826979473,0.01384370417888563,0,0,0.00019799264695892163,0.001317241883957463,0.06955585166521701,Vision person,0.0005095109632705735,0.0018679921284909034,0.00046012612595374206,-0.0001446325286020038,0,0,5818,285,458,2,9,10,97,0.04898590580955655,0.07872121003781368,4.454676058795953e-05,1.5833448919892473e-05,0,6.702515619154175e-06,2.8713311668067054e-05,6.702515619154175e-06,199,134,0.07611195246378581,Local reconstruction or filter response; compare variants to isolate stage,low
05_backlit_sunset_silhouette,Phase 2 · C,341,512,0.001456040682769306,0.0007326007326007326,0.0013846928039207237,0.009523809523809525,0.020613773826979473,0.01384370417888563,0,0,0.00019799264695892163,0.001317241883957463,0.06955585166521701,Vision person,0.0005095109632705735,0.0018679921284909034,0.00046012612595374206,-0.0001446325286020038,0,0,5818,285,458,2,9,10,97,0.04898590580955655,0.07872121003781368,4.454676058795953e-05,1.5833448919892473e-05,0,6.702515619154175e-06,2.8713311668067054e-05,6.702515619154175e-06,199,134,0.07611195246378581,Local reconstruction or filter response; compare variants to isolate stage,low
05_backlit_sunset_silhouette,Phase 4 · Combined,341,512,0.001456040682769306,0.0007326007326007326,0.0013846928039207237,0.009523809523809525,0.020613773826979473,0.01384370417888563,0,0,0.00019799264695892163,0.001317241883957463,0.06955585166521701,Vision person,0.0005095109632705735,0.0018679921284909034,0.00046012612595374206,-0.0001446325286020038,0,0,5818,285,458,2,9,10,97,0.04898590580955655,0.07872121003781368,4.454676058795953e-05,1.5833448919892473e-05,0,6.702515619154175e-06,2.8713311668067054e-05,6.702515619154175e-06,199,134,0.07611195246378581,Local reconstruction or filter response; compare variants to isolate stage,low
05_backlit_sunset_silhouette,Phase 4 · Semantic,341,512,0.001456040682769306,0.0007326007326007326,0.0013846928039207237,0.009523809523809525,0.020613773826979473,0.01384370417888563,0,0,0.00019799264695892163,0.001317241883957463,0.06955585166521701,Vision person,0.0005095109632705735,0.0018679921284909034,0.00046012612595374206,-0.0001446325286020038,0,0,5818,285,458,2,9,10,97,0.04898590580955655,0.07872121003781368,4.454676058795953e-05,1.5833448919892473e-05,0,6.702515619154175e-06,2.8713311668067054e-05,6.702515619154175e-06,199,134,0.07611195246378581,Local reconstruction or filter response; compare variants to isolate stage,low
05_backlit_sunset_silhouette,Phase 4 · Spatial,341,512,0.001456040682769306,0.0007326007326007326,0.0013846928039207237,0.009523809523809525,0.020613773826979473,0.01384370417888563,0,0,0.00019799264695892163,0.001317241883957463,0.06955585166521701,Vision person,0.0005095109632705735,0.0018679921284909034,0.00046012612595374206,-0.0001446325286020038,0,0,5818,285,458,2,9,10,97,0.04898590580955655,0.07872121003781368,4.454676058795953e-05,1.5833448919892473e-05,0,6.702515619154175e-06,2.8713311668067054e-05,6.702515619154175e-06,199,134,0.07611195246378581,Local reconstruction or filter response; compare variants to isolate stage,low
05_backlit_sunset_silhouette,Phase 5 · Shadow Budget A,341,512,0.001456040682769306,0.0007326007326007326,0.0013846928039207237,0.009523809523809525,0.020613773826979473,0.01384370417888563,0,0,0.00019799264695892163,0.001317241883957463,0.06955585166521701,Vision person,0.0005095109632705735,0.0018679921284909034,0.00046012612595374206,-0.0001446325286020038,0,0,5818,285,458,2,9,10,97,0.04898590580955655,0.07872121003781368,4.454676058795953e-05,1.5833448919892473e-05,0,6.702515619154175e-06,2.8713311668067054e-05,6.702515619154175e-06,199,134,0.07611195246378581,Local reconstruction or filter response; compare variants to isolate stage,low
05_backlit_sunset_silhouette,Phase 5 · Shadow Budget B,341,512,0.001456040682769306,0.0007326007326007326,0.0013846928039207237,0.009523809523809525,0.020613773826979473,0.01384370417888563,0,0,0.00019799264695892163,0.001317241883957463,0.06955585166521701,Vision person,0.0005095109632705735,0.0018679921284909034,0.00046012612595374206,-0.0001446325286020038,0,0,5818,285,458,2,9,10,97,0.04898590580955655,0.07872121003781368,4.454676058795953e-05,1.5833448919892473e-05,0,6.702515619154175e-06,2.8713311668067054e-05,6.702515619154175e-06,199,134,0.07611195246378581,Local reconstruction or filter response; compare variants to isolate stage,low
05_backlit_sunset_silhouette,Phase 5 · Shadow Budget C,341,512,0.001456040682769306,0.0007326007326007326,0.0013846928039207237,0.009523809523809525,0.020613773826979473,0.01384370417888563,0,0,0.00019799264695892163,0.001317241883957463,0.06955585166521701,Vision person,0.0005095109632705735,0.0018679921284909034,0.00046012612595374206,-0.0001446325286020038,0,0,5818,285,458,2,9,10,97,0.04898590580955655,0.07872121003781368,4.454676058795953e-05,1.5833448919892473e-05,0,6.702515619154175e-06,2.8713311668067054e-05,6.702515619154175e-06,199,134,0.07611195246378581,Local reconstruction or filter response; compare variants to isolate stage,low
05_night,Off / Original pipeline,288,512,0,0,0,0,0,0,0,0,0,0,0,unavailable,,,0,0,0,0,16902,0,0,0,0,0,0,0,0,0,0,0,0,0,0,0,0,0,No strong artifact signature at diagnostic thresholds,low
05_night,Phase 1 · Bilateral,288,512,0.00036465176133337884,0.0004884004884004884,0.0006793812667558323,0.004395604395604396,0.0023939344618055555,0.0020887586805555555,0.0016004774305555555,0,7.577846243888796e-05,0.00042038255253077077,0.04881534709848308,unavailable,,,0.00024931481298356924,-1.294624801636885e-05,0,0,16902,308,171,0,2,1,167,0.018222695538989468,0.010117145899893504,-7.238227509795194e-06,3.379903854952967e-05,1.7552983860826186e-06,6.429731982799629e-05,4.103726605932486e-05,6.254202144191367e-05,104,101,0.17254753907521567,Local reconstruction or filter response; compare variants to isolate stage,low
05_night,Phase 1 · Gaussian,288,512,7.062752896828488e-05,0.0004884004884004884,0.0006746151163347414,0.004395604395604396,0,0,0,0,7.545502102235451e-05,0,0,unavailable,,,0.00010585711613270957,7.225120875350535e-05,0,0,16902,0,0,0,0,0,0,0,0,-7.238227509795194e-06,3.379903854952967e-05,1.7552983860826186e-06,6.429731982799629e-05,4.103726605932486e-05,6.254202144191367e-05,0,0,0,No strong artifact signature at diagnostic thresholds,low
05_night,Phase 1 · Guided,288,512,0.0011944068000023173,0.0004884004884004884,0.0006988968811074057,0.004395604395604396,0.007331000434027778,0.005974663628472222,0.004597981770833333,0.002468532986111111,7.545502102235451e-05,0.001540486386142824,0.18748765443377244,unavailable,,,0.0017877505865729068,-0.0016096786154057004,0,0,16902,1357,1626,93,34,30,186,0.08028635664418413,0.096201632942847,-7.238227509795194e-06,3.379903854952967e-05,1.7552983860826186e-06,-0.002566592202349836,4.103726605932486e-05,0.0025683475007359188,104,111,0.2913098732630412,Local reconstruction or filter response; compare variants to isolate stage,low
05_night,Phase 2 · A,288,512,0.0012006306801256954,0.0004884004884004884,0.0007090719031118538,0.004395604395604396,0.007283528645833333,0.005927191840277778,0.004591200086805556,0.002468532986111111,7.955670988818348e-05,0.001650085074036515,0.1867579802375878,unavailable,,,0.0018154188760614986,-0.0015421893913748117,0,0,16902,1347,1604,92,33,29,186,0.07969471068512603,0.09490001183291918,-2.2271984427052737e-05,3.470907401086671e-05,1.76197236214648e-06,-0.00255783239810106,5.698105843791945e-05,0.0025595943704632062,104,111,0.2913098732630412,Local reconstruction or filter response; compare variants to isolate stage,low
05_night,Phase 2 · B,288,512,0.0005506400926368955,0.0004884004884004884,0.0006988216434685469,0.004395604395604396,0.007215711805555556,0.005513509114583333,0,0,7.955670988818348e-05,0.0014721482219545046,0.07075426748611244,unavailable,,,0.0008806900951654506,-0.0006074133449467373,0,0,16902,1109,1458,52,33,26,189,0.06561353685954326,0.08626198083067092,-2.2271984427052737e-05,3.470907401086671e-05,1.76197236214648e-06,-0.0007546323980022862,5.698105843791945e-05,0.0007563943703644327,104,111,0.08324821790059407,Local reconstruction or filter response; compare variants to isolate stage,low
05_night,Phase 2 · C,288,512,0.0005506400926368955,0.0004884004884004884,0.0006988216434685469,0.004395604395604396,0.007215711805555556,0.005513509114583333,0,0,7.955670988818348e-05,0.0014721482219545046,0.07075426748611244,unavailable,,,0.0008806900951654506,-0.0006074133449467373,0,0,16902,1109,1458,52,33,26,189,0.06561353685954326,0.08626198083067092,-2.2271984427052737e-05,3.470907401086671e-05,1.76197236214648e-06,-0.0007546323980022862,5.698105843791945e-05,0.0007563943703644327,104,111,0.08324821790059407,Local reconstruction or filter response; compare variants to isolate stage,low
05_night,Phase 4 · Combined,288,512,0.0005506400926368955,0.0004884004884004884,0.0006988216434685469,0.004395604395604396,0.007215711805555556,0.005513509114583333,0,0,7.955670988818348e-05,0.0014721482219545046,0.07075426748611244,unavailable,,,0.0008806900951654506,-0.0006074133449467373,0,0,16902,1109,1458,52,33,26,189,0.06561353685954326,0.08626198083067092,-2.2271984427052737e-05,3.470907401086671e-05,1.76197236214648e-06,-0.0007546323980022862,5.698105843791945e-05,0.0007563943703644327,104,111,0.08324821790059407,Local reconstruction or filter response; compare variants to isolate stage,low
05_night,Phase 4 · Semantic,288,512,0.0005506400926368955,0.0004884004884004884,0.0006988216434685469,0.004395604395604396,0.007215711805555556,0.005513509114583333,0,0,7.955670988818348e-05,0.0014721482219545046,0.07075426748611244,unavailable,,,0.0008806900951654506,-0.0006074133449467373,0,0,16902,1109,1458,52,33,26,189,0.06561353685954326,0.08626198083067092,-2.2271984427052737e-05,3.470907401086671e-05,1.76197236214648e-06,-0.0007546323980022862,5.698105843791945e-05,0.0007563943703644327,104,111,0.08324821790059407,Local reconstruction or filter response; compare variants to isolate stage,low
05_night,Phase 4 · Spatial,288,512,0.0005506400926368955,0.0004884004884004884,0.0006988216434685469,0.004395604395604396,0.007215711805555556,0.005513509114583333,0,0,7.955670988818348e-05,0.0014721482219545046,0.07075426748611244,unavailable,,,0.0008806900951654506,-0.0006074133449467373,0,0,16902,1109,1458,52,33,26,189,0.06561353685954326,0.08626198083067092,-2.2271984427052737e-05,3.470907401086671e-05,1.76197236214648e-06,-0.0007546323980022862,5.698105843791945e-05,0.0007563943703644327,104,111,0.08324821790059407,Local reconstruction or filter response; compare variants to isolate stage,low
05_night,Phase 5 · Shadow Budget A,288,512,0.0005506400926368955,0.0004884004884004884,0.0006988216434685469,0.004395604395604396,0.007215711805555556,0.005513509114583333,0,0,7.955670988818348e-05,0.0014721482219545046,0.07075426748611244,unavailable,,,0.0008806900951654506,-0.0006074133449467373,0,0,16902,1109,1458,52,33,26,189,0.06561353685954326,0.08626198083067092,-2.2271984427052737e-05,3.470907401086671e-05,1.76197236214648e-06,-0.0007546323980022862,5.698105843791945e-05,0.0007563943703644327,104,111,0.08324821790059407,Local reconstruction or filter response; compare variants to isolate stage,low
05_night,Phase 5 · Shadow Budget B,288,512,0.0005506400926368955,0.0004884004884004884,0.0006988216434685469,0.004395604395604396,0.007215711805555556,0.005513509114583333,0,0,7.955670988818348e-05,0.0014721482219545046,0.07075426748611244,unavailable,,,0.0008806900951654506,-0.0006074133449467373,0,0,16902,1109,1458,52,33,26,189,0.06561353685954326,0.08626198083067092,-2.2271984427052737e-05,3.470907401086671e-05,1.76197236214648e-06,-0.0007546323980022862,5.698105843791945e-05,0.0007563943703644327,104,111,0.08324821790059407,Local reconstruction or filter response; compare variants to isolate stage,low
05_night,Phase 5 · Shadow Budget C,288,512,0.0005506400926368955,0.0004884004884004884,0.0006988216434685469,0.004395604395604396,0.007215711805555556,0.005513509114583333,0,0,7.955670988818348e-05,0.0014721482219545046,0.07075426748611244,unavailable,,,0.0008806900951654506,-0.0006074133449467373,0,0,16902,1109,1458,52,33,26,189,0.06561353685954326,0.08626198083067092,-2.2271984427052737e-05,3.470907401086671e-05,1.76197236214648e-06,-0.0007546323980022862,5.698105843791945e-05,0.0007563943703644327,104,111,0.08324821790059407,Local reconstruction or filter response; compare variants to isolate stage,low
06_green_noisy_kitchen,Off / Original pipeline,341,512,0,0,0,0,0,0,0,0,0,0,0,unavailable,,,0,0,0,0,3063,0,0,0,0,0,0,0,0,0,0,0,0,0,0,0,0,0,No strong artifact signature at diagnostic thresholds,low
06_green_noisy_kitchen,Phase 1 · Bilateral,341,512,0.0012387145963340892,0,7.786263497378616e-05,0,0.0068273460410557185,0.0065237811583577715,0.006002565982404692,0.0033907624633431085,2.119196736968582e-05,0.0015972254705861222,0.17817409087548414,unavailable,,,0.00030045294277650594,-8.1117834210341e-05,0,0,3063,141,171,2,7,6,59,0.04603330068560235,0.05582761998041136,0,3.0416080893288214e-05,-0.007503430270716503,-4.208394258741706e-06,3.0416080893288214e-05,0.007499221876457762,55,19,0.22174076239267984,Local reconstruction or filter response; compare variants to isolate stage,low
06_green_noisy_kitchen,Phase 1 · Gaussian,341,512,3.221969251536584e-05,0,6.458063672276411e-05,0,0.00021765029325513196,0,0,0,2.119196736968582e-05,8.552975112147187e-07,0.0018941999227474373,unavailable,,,2.449276862391307e-05,2.1811581672390418e-05,0,0,3063,0,0,0,0,0,0,0,0,0,3.0416080893288214e-05,0.0008559899027614074,-4.208394258741706e-06,3.0416080893288214e-05,0.0008601982970201491,0,0,0,No strong artifact signature at diagnostic thresholds,low
06_green_noisy_kitchen,Phase 1 · Guided,341,512,0.0015272922177830927,0,7.836166877561828e-05,0,0.0071824596774193545,0.006752886730205279,0.0060827529325513194,0.004645115469208211,2.119196736968582e-05,0.0008771705678616394,0.22859564985517308,unavailable,,,0.0005502410889111001,-0.0005078516366003202,0,0,3063,110,268,1,4,6,63,0.03591250408096637,0.08749591903362716,0,3.0416080893288214e-05,-0.009671950088166759,0.0013375845738458714,3.0416080893288214e-05,0.01100953466201263,86,15,0.2777561545372009,Local reconstruction or filter response; compare variants to isolate stage,low
06_green_noisy_kitchen,Phase 2 · A,341,512,0.0015377379971909188,0,8.328059212362189e-05,0,0.007176732038123167,0.006747159090909091,0.0060827529325513194,0.004662298387096774,2.3260274295134933e-05,0.001016615658301941,0.22887528560542975,unavailable,,,0.0005637008615806411,-0.0004822009432279104,0,0,3063,110,260,1,4,6,63,0.03591250408096637,0.08488410055501143,-8.904960273627742e-06,-4.526322607351727e-06,-0.00970502334936688,0.0013487367543287777,4.378637666276015e-06,0.011053760103695657,86,15,0.27758634090423584,Local reconstruction or filter response; compare variants to isolate stage,low
06_green_noisy_kitchen,Phase 2 · B,341,512,0.0005378244135037701,0,7.465492934100683e-05,0,0.007171004398826979,0.006483687683284458,0,0,2.3260274295134933e-05,0.0008614943570448737,0.07402625506855315,unavailable,,,0.00017653975992641335,-9.574159405686303e-05,0,0,3063,47,62,0,3,2,23,0.01534443356186745,0.020241593209271956,-8.904960273627742e-06,-4.526322607351727e-06,-0.003857909799117336,0.0007079185387597974,4.378637666276015e-06,0.0045658283378771335,86,15,0.07749988635381062,Local reconstruction or filter response; compare variants to isolate stage,low
06_green_noisy_kitchen,Phase 2 · C,341,512,0.0005378244135037701,0,7.465492934100683e-05,0,0.007171004398826979,0.006483687683284458,0,0,2.3260274295134933e-05,0.0008614943570448737,0.07402625506855315,unavailable,,,0.00017653975992641335,-9.574159405686303e-05,0,0,3063,47,62,0,3,2,23,0.01534443356186745,0.020241593209271956,-8.904960273627742e-06,-4.526322607351727e-06,-0.003857909799117336,0.0007079185387597974,4.378637666276015e-06,0.0045658283378771335,86,15,0.07749988635381062,Local reconstruction or filter response; compare variants to isolate stage,low
06_green_noisy_kitchen,Phase 4 · Combined,341,512,0.0005378244135037701,0,7.465492934100683e-05,0,0.007171004398826979,0.006483687683284458,0,0,2.3260274295134933e-05,0.0008614943570448737,0.07402625506855315,unavailable,,,0.00017653975992641335,-9.574159405686303e-05,0,0,3063,47,62,0,3,2,23,0.01534443356186745,0.020241593209271956,-8.904960273627742e-06,-4.526322607351727e-06,-0.003857909799117336,0.0007079185387597974,4.378637666276015e-06,0.0045658283378771335,86,15,0.07749988635381062,Local reconstruction or filter response; compare variants to isolate stage,low
06_green_noisy_kitchen,Phase 4 · Semantic,341,512,0.0005378244135037701,0,7.465492934100683e-05,0,0.007171004398826979,0.006483687683284458,0,0,2.3260274295134933e-05,0.0008614943570448737,0.07402625506855315,unavailable,,,0.00017653975992641335,-9.574159405686303e-05,0,0,3063,47,62,0,3,2,23,0.01534443356186745,0.020241593209271956,-8.904960273627742e-06,-4.526322607351727e-06,-0.003857909799117336,0.0007079185387597974,4.378637666276015e-06,0.0045658283378771335,86,15,0.07749988635381062,Local reconstruction or filter response; compare variants to isolate stage,low
06_green_noisy_kitchen,Phase 4 · Spatial,341,512,0.0005378244135037701,0,7.465492934100683e-05,0,0.007171004398826979,0.006483687683284458,0,0,2.3260274295134933e-05,0.0008614943570448737,0.07402625506855315,unavailable,,,0.00017653975992641335,-9.574159405686303e-05,0,0,3063,47,62,0,3,2,23,0.01534443356186745,0.020241593209271956,-8.904960273627742e-06,-4.526322607351727e-06,-0.003857909799117336,0.0007079185387597974,4.378637666276015e-06,0.0045658283378771335,86,15,0.07749988635381062,Local reconstruction or filter response; compare variants to isolate stage,low
06_green_noisy_kitchen,Phase 5 · Shadow Budget A,341,512,0.0005378244135037701,0,7.465492934100683e-05,0,0.007171004398826979,0.006483687683284458,0,0,2.3260274295134933e-05,0.0008614943570448737,0.07402625506855315,unavailable,,,0.00017653975992641335,-9.574159405686303e-05,0,0,3063,47,62,0,3,2,23,0.01534443356186745,0.020241593209271956,-8.904960273627742e-06,-4.526322607351727e-06,-0.003857909799117336,0.0007079185387597974,4.378637666276015e-06,0.0045658283378771335,86,15,0.07749988635381062,Local reconstruction or filter response; compare variants to isolate stage,low
06_green_noisy_kitchen,Phase 5 · Shadow Budget B,341,512,0.0005378244135037701,0,7.465492934100683e-05,0,0.007171004398826979,0.006483687683284458,0,0,2.3260274295134933e-05,0.0008614943570448737,0.07402625506855315,unavailable,,,0.00017653975992641335,-9.574159405686303e-05,0,0,3063,47,62,0,3,2,23,0.01534443356186745,0.020241593209271956,-8.904960273627742e-06,-4.526322607351727e-06,-0.003857909799117336,0.0007079185387597974,4.378637666276015e-06,0.0045658283378771335,86,15,0.07749988635381062,Local reconstruction or filter response; compare variants to isolate stage,low
06_green_noisy_kitchen,Phase 5 · Shadow Budget C,341,512,0.0005378244135037701,0,7.465492934100683e-05,0,0.007171004398826979,0.006483687683284458,0,0,2.3260274295134933e-05,0.0008614943570448737,0.07402625506855315,unavailable,,,0.00017653975992641335,-9.574159405686303e-05,0,0,3063,47,62,0,3,2,23,0.01534443356186745,0.020241593209271956,-8.904960273627742e-06,-4.526322607351727e-06,-0.003857909799117336,0.0007079185387597974,4.378637666276015e-06,0.0045658283378771335,86,15,0.07749988635381062,Local reconstruction or filter response; compare variants to isolate stage,low
06_indoor_high_contrast,Off / Original pipeline,341,512,0,0,0,0,0,0,0,0,0,0,0,unavailable,,,0,0,0,0,20943,0,0,0,0,0,0,0,0,0,0,0,0,0,0,0,0,0,No strong artifact signature at diagnostic thresholds,low
06_indoor_high_contrast,Phase 1 · Bilateral,341,512,0.005797938572040212,0.009768009768009768,0.0014316325372681845,0.00463980463980464,0.0334837793255132,0.02511569831378299,0.018683559384164224,0,0.002374622874527866,0.004373545527157426,0.08230825130090692,unavailable,,,0.0028189523602109193,0.001181266749661551,0,5.7276392961876836e-05,20943,1984,1932,66,49,38,213,0.09473332378360311,0.09225039392637158,-0.0001644351705369601,0.001843485339306781,0.00015518723380698448,0.0012871693490518698,0.002007920509843741,0.0011319821152448854,245,91,0.19030862984557945,Local reconstruction or filter response; compare variants to isolate stage,low
06_indoor_high_contrast,Phase 1 · Gaussian,341,512,0.005194648452083118,0.024175824175824177,0.0015186452059103798,0.005128205128205128,0.05890877016129032,0.01698245051319648,0.0010080645161290322,0,0.002425022431327864,0.022856398319129455,0.022179560326124264,unavailable,,,0.003826266512233949,0.0036182169347997203,0,0.0012085318914956012,20943,6915,2581,454,97,74,543,0.3301819223606933,0.12323926849066513,-0.0002698555184950063,-0.002202863276709313,5.805575896583475e-06,0.0019242594868260903,0.0019330077582143065,0.0019184539109295068,78,421,0.13041029389326772,Local reconstruction or filter response; compare variants to isolate stage,low
06_indoor_high_contrast,Phase 1 · Guided,341,512,0.009001135542545466,0.012698412698412698,0.0014222414629636827,0.004395604395604396,0.04751649560117302,0.04232725439882698,0.03690890762463343,0.006311858504398827,0.002320706385358313,0.004095949698322497,0.16338157852321797,unavailable,,,0.007056885246480729,-0.005751787199656032,0,0,20943,4147,6062,171,108,104,284,0.1980136561142148,0.28945232297187606,-0.00042070791651891353,0.0012356962070942288,-0.0006421649421275427,0.001167524593253233,0.0016564041236131423,0.001809689535380776,58,307,0.30684398114681244,Local reconstruction or filter response; compare variants to isolate stage,low
06_indoor_high_contrast,Phase 2 · A,341,512,0.008997032583202266,0.012454212454212455,0.0014345354476393334,0.004395604395604396,0.04742485337243402,0.04222988453079179,0.03682299303519061,0.0062431268328445744,0.0023361970468895425,0.004052729663596942,0.16305241105305093,unavailable,,,0.007033572108089385,-0.0056284304782654474,0,0,20943,4129,6019,168,108,102,283,0.19715418039440386,0.28739913097454994,-0.00041672325087746,0.001232563495180065,-0.0006311008427432791,0.0011521138416965818,0.001649286746057525,0.0017832146844398609,58,307,0.3092394520839055,Local reconstruction or filter response; compare variants to isolate stage,low
06_indoor_high_contrast,Phase 2 · B,341,512,0.005160986790113943,0.012454212454212455,0.001416434201993852,0.004395604395604396,0.04723011363636364,0.04043140579178885,0,0,0.0023361970468895425,0.0035868122709296372,0.06924649713193479,unavailable,,,0.0035421496346488566,-0.002137346042397185,0,0,20943,3525,5188,126,94,93,272,0.1683139951296376,0.24772000190994603,-0.0003550331084473027,0.0004132800800582038,-7.889875255840242e-06,0.0011521138416965818,0.0007683131885055065,0.001160003716952422,58,307,0.09093519548575082,Local reconstruction or filter response; compare variants to isolate stage,low
06_indoor_high_contrast,Phase 2 · C,341,512,0.006273312524354456,0.012698412698412698,0.0016130464265975593,0.005128205128205128,0.04723011363636364,0.04043140579178885,0,0,0.003596381959942431,0.003842356934608285,0.06924649713193479,unavailable,,,0.004134437730573704,-0.0019932368226365524,0,0,20943,3582,5290,131,94,93,324,0.17103566824237215,0.2525903643222079,-0.0005376098284295406,0.0002490967888393406,4.858411187334183e-05,0.0019469963126522883,0.0007867066172688812,0.0018984122007789463,58,307,0.0944175198674202,Local reconstruction or filter response; compare variants to isolate stage,low
06_indoor_high_contrast,Phase 4 · Combined,341,512,0.005783407246787969,0.012454212454212455,0.0015336717443309115,0.00463980463980464,0.04723011363636364,0.04043140579178885,0,0,0.0030429075152109846,0.003715914389647656,0.06924649713193479,unavailable,,,0.003869457932528666,-0.0020314764009352415,0,0,20943,3557,5242,128,94,94,276,0.169841951964857,0.25029842906937877,-0.00045902986443020397,0.00037184294274464564,7.979416624668232e-05,0.0016266472370487222,0.0008308728071748496,0.00154685307080204,58,307,0.09347710758447647,Local reconstruction or filter response; compare variants to isolate stage,low
06_indoor_high_contrast,Phase 4 · Semantic,341,512,0.005783407246787969,0.012454212454212455,0.0015336717443309115,0.00463980463980464,0.04723011363636364,0.04043140579178885,0,0,0.0030429075152109846,0.003715914389647656,0.06924649713193479,unavailable,,,0.003869457932528666,-0.0020314764009352415,0,0,20943,3557,5242,128,94,94,276,0.169841951964857,0.25029842906937877,-0.00045902986443020397,0.00037184294274464564,7.979416624668232e-05,0.0016266472370487222,0.0008308728071748496,0.00154685307080204,58,307,0.09347710758447647,Local reconstruction or filter response; compare variants to isolate stage,low
06_indoor_high_contrast,Phase 4 · Spatial,341,512,0.005783407246787969,0.012454212454212455,0.0015336717443309115,0.00463980463980464,0.04723011363636364,0.04043140579178885,0,0,0.0030429075152109846,0.003715914389647656,0.06924649713193479,unavailable,,,0.003869457932528666,-0.0020314764009352415,0,0,20943,3557,5242,128,94,94,276,0.169841951964857,0.25029842906937877,-0.00045902986443020397,0.00037184294274464564,7.979416624668232e-05,0.0016266472370487222,0.0008308728071748496,0.00154685307080204,58,307,0.09347710758447647,Local reconstruction or filter response; compare variants to isolate stage,low
06_indoor_high_contrast,Phase 5 · Shadow Budget A,341,512,0.006231249605439329,0.012698412698412698,0.0015817471919918474,0.004884004884004884,0.04723011363636364,0.04043140579178885,0,0,0.003547647469234759,0.003842356934608285,0.06924649713193479,unavailable,,,0.004125474260010657,-0.002000875410367092,0,0,20943,3581,5290,131,93,93,324,0.17098791959127155,0.2525903643222079,-0.0005167596951534969,0.000218384649822084,4.887102161930857e-05,0.001947104822916543,0.000735144344975581,0.0018982338012972343,58,307,0.0944175198674202,Local reconstruction or filter response; compare variants to isolate stage,low
06_indoor_high_contrast,Phase 5 · Shadow Budget B,341,512,0.006273266123815105,0.012698412698412698,0.0016131606397486627,0.005128205128205128,0.04723011363636364,0.04043140579178885,0,0,0.003596328199844175,0.003842356934608285,0.06924649713193479,unavailable,,,0.004134428051490353,-0.0019932465745219822,0,0,20943,3582,5290,131,94,93,324,0.17103566824237215,0.2525903643222079,-0.0005375981911643736,0.0002490967888393406,4.858411187334183e-05,0.0019468553461480162,0.0007866949800037142,0.0018982712342746743,58,307,0.0944175198674202,Local reconstruction or filter response; compare variants to isolate stage,low
06_indoor_high_contrast,Phase 5 · Shadow Budget C,341,512,0.00623116442084266,0.012698412698412698,0.0015820123804272965,0.004884004884004884,0.04723011363636364,0.04043140579178885,0,0,0.003547548773565464,0.003842356934608285,0.06924649713193479,unavailable,,,0.004125437355546412,-0.002000912314831334,0,0,20943,3581,5290,131,93,93,324,0.17098791959127155,0.2525903643222079,-0.0005168868387733684,0.0002184999264072649,4.887102161930857e-05,0.0019472871817853457,0.0007353867651806332,0.0018984161601660371,58,307,0.0944175198674202,Local reconstruction or filter response; compare variants to isolate stage,low
07_flat_foggy_landscape,Off / Original pipeline,341,512,0,0,0,0,0,0,0,0,0,0,0,unavailable,,,0,0,0,0,6373,0,0,0,0,0,0,0,0,0,0,0,0,0,0,0,0,0,No strong artifact signature at diagnostic thresholds,low
07_flat_foggy_landscape,Phase 1 · Bilateral,341,512,0.00021905947864076186,0,5.1427652081288706e-05,0,0.0034652217741935483,0,0,0,1.4937934840274029e-05,0.0006411720362194666,0.028522856773868684,unavailable,,,4.326189015131004e-05,6.965762755391039e-06,0,0,6373,0,0,0,0,0,0,0,0,3.172662020433672e-06,-2.6261710387420844e-07,6.702378437238158e-05,-1.5182811644644367e-05,3.4352791243078804e-06,8.220659601702594e-05,0,0,0,No strong artifact signature at diagnostic thresholds,low
07_flat_foggy_landscape,Phase 1 · Gaussian,341,512,0.0002119506600321298,0,5.206927060206825e-05,0,0.003201750366568915,0,0,0,1.4951483720610125e-05,0.0006216521649804468,0.025506357031483805,unavailable,,,4.5302593304254577e-05,1.4053316178519824e-05,0,0,6373,0,0,0,0,0,0,0,0,4.391564848863861e-05,-2.6261710387420844e-07,6.650218070453747e-05,-1.5182811644644367e-05,4.417826559251282e-05,8.168499234918183e-05,0,0,0,No strong artifact signature at diagnostic thresholds,low
07_flat_foggy_landscape,Phase 1 · Guided,341,512,0.00024919575796392596,0,5.2032035122841734e-05,0,0.0037344208211143697,0,0,0,1.4882261040359073e-05,0.0007290008079722202,0.03687691976947169,unavailable,,,5.650058686695788e-05,-1.4657084524760952e-05,0,0,6373,0,0,0,0,0,0,0,0,-7.224827880189157e-06,-2.6261710387420844e-07,-4.982577349844296e-05,-1.5235997479179665e-05,6.962210776314949e-06,3.45897760192633e-05,0,0,0,No strong artifact signature at diagnostic thresholds,low
07_flat_foggy_landscape,Phase 2 · A,341,512,0.00030466320675621403,0.0004884004884004884,6.71016904665375e-05,0,0.0040036198680351905,0,0,0,5.470585771001975e-05,0.0008196945899732234,0.03659297862360554,unavailable,,,0.00017675244374143194,0.0001243552340718109,0,0,6373,0,0,0,0,0,0,0,0,-6.607245618270606e-06,-2.081639669553573e-06,-0.0001777896528157583,2.547924239677307e-05,4.525605948717033e-06,0.00020326889521253138,0,0,0,No strong artifact signature at diagnostic thresholds,low
07_flat_foggy_landscape,Phase 2 · B,341,512,0.00029500738710483003,0.0004884004884004884,6.695216934019767e-05,0,0.003803152492668622,0,0,0,5.470585771001975e-05,0.0007906153158096724,0.03476963600804729,unavailable,,,0.0001747416583371316,0.0001261273618083147,0,0,6373,0,0,0,0,0,0,0,0,-6.607245618270606e-06,-2.081639669553573e-06,-0.00021046135360740822,2.547924239677307e-05,4.525605948717033e-06,0.0002359405960041813,0,0,0,No strong artifact signature at diagnostic thresholds,low
07_flat_foggy_landscape,Phase 2 · C,341,512,0.00036327902845121045,0.001221001221001221,0.00012714125840925292,0.0009768009768009768,0.003803152492668622,0,0,0,0.00015330827182632648,0.0007914216841882324,0.03476963600804729,unavailable,,,0.00032388958738063117,0.0002739586850708381,0,0,6373,0,0,0,0,0,0,0,0,3.35380328720365e-06,-1.542289269182727e-05,-0.00021046135360740822,7.11506050742327e-05,1.8776695979030922e-05,0.00028161195868164093,0,0,0,No strong artifact signature at diagnostic thresholds,low
07_flat_foggy_landscape,Phase 4 · Combined,341,512,0.000316222452334752,0.0004884004884004884,8.656942039306281e-05,0,0.003803152492668622,0,0,0,8.523644112634183e-05,0.0007911099924288906,0.03476963600804729,unavailable,,,0.00022766064237150045,0.00017869975894417448,0,0,6373,0,0,0,0,0,0,0,0,-9.670044055818005e-06,3.6294930577426555e-06,-0.00021046135360740822,3.809886868023862e-05,1.329953711356066e-05,0.00024856022228764683,0,0,0,No strong artifact signature at diagnostic thresholds,low
07_flat_foggy_landscape,Phase 4 · Semantic,341,512,0.000316222452334752,0.0004884004884004884,8.656942039306281e-05,0,0.003803152492668622,0,0,0,8.523644112634183e-05,0.0007911099924288906,0.03476963600804729,unavailable,,,0.00022766064237150045,0.00017869975894417448,0,0,6373,0,0,0,0,0,0,0,0,-9.670044055818005e-06,3.6294930577426555e-06,-0.00021046135360740822,3.809886868023862e-05,1.329953711356066e-05,0.00024856022228764683,0,0,0,No strong artifact signature at diagnostic thresholds,low
07_flat_foggy_landscape,Phase 4 · Spatial,341,512,0.000316222452334752,0.0004884004884004884,8.656942039306281e-05,0,0.003803152492668622,0,0,0,8.523644112634183e-05,0.0007911099924288906,0.03476963600804729,unavailable,,,0.00022766064237150045,0.00017869975894417448,0,0,6373,0,0,0,0,0,0,0,0,-9.670044055818005e-06,3.6294930577426555e-06,-0.00021046135360740822,3.809886868023862e-05,1.329953711356066e-05,0.00024856022228764683,0,0,0,No strong artifact signature at diagnostic thresholds,low
07_flat_foggy_landscape,Phase 5 · Shadow Budget A,341,512,0.00036308755489706585,0.001221001221001221,0.00012659960867251663,0.0009768009768009768,0.003803152492668622,0,0,0,0.0001530307175208799,0.0007914216841882324,0.03476963600804729,unavailable,,,0.00032351496047033055,0.0002735846732245033,0,0,6373,0,0,0,0,0,0,0,0,4.01184928872014e-06,-1.542289269182727e-05,-0.00021046135360740822,7.122854636317355e-05,1.943474198054741e-05,0.0002816898999705818,0,0,0,No strong artifact signature at diagnostic thresholds,low
07_flat_foggy_landscape,Phase 5 · Shadow Budget B,341,512,0.00036327902845121045,0.001221001221001221,0.00012714125840925292,0.0009768009768009768,0.003803152492668622,0,0,0,0.00015330827182632648,0.0007914216841882324,0.03476963600804729,unavailable,,,0.00032388958738063117,0.0002739586850708381,0,0,6373,0,0,0,0,0,0,0,0,3.35380328720365e-06,-1.542289269182727e-05,-0.00021046135360740822,7.11506050742327e-05,1.8776695979030922e-05,0.00028161195868164093,0,0,0,No strong artifact signature at diagnostic thresholds,low
07_flat_foggy_landscape,Phase 5 · Shadow Budget C,341,512,0.00036308755489706585,0.001221001221001221,0.00012659960867251663,0.0009768009768009768,0.003803152492668622,0,0,0,0.0001530307175208799,0.0007914216841882324,0.03476963600804729,unavailable,,,0.00032351496047033055,0.0002735846732245033,0,0,6373,0,0,0,0,0,0,0,0,4.01184928872014e-06,-1.542289269182727e-05,-0.00021046135360740822,7.122854636317355e-05,1.943474198054741e-05,0.0002816898999705818,0,0,0,No strong artifact signature at diagnostic thresholds,low
07_white_subject,Off / Original pipeline,288,512,0,0,0,0,0,0,0,0,0,0,0,Vision person,0,0,0,0,0,0,36528,0,0,0,0,0,0,0,0,0,0,0,0,0,0,0,0,0,No strong artifact signature at diagnostic thresholds,low
07_white_subject,Phase 1 · Bilateral,288,512,0.024400243821651832,0.15995115995115994,0.0005709285290545707,0.0017094017094017094,0.24546305338541666,0.13984510633680555,0.08454725477430555,0.035054524739583336,0.020819146370201606,0.0067297771707044846,0.12047285724356074,Vision person,0.019320767025764914,0.02584788054373673,0.005849275315946777,-0.0023217794132511906,0,0,36528,9082,8462,858,167,139,710,0.2486311870346036,0.23165790626368812,0.047605891840436336,-0.000848500557901663,0.00015793261617156012,-6.699923292866775e-05,0.048454392398338,0.0002249318491002279,104,24,0.2601075867811839,Border-localized difference; scene content or boundary processing not isolated,low
07_white_subject,Phase 1 · Gaussian,288,512,0.015458604919576006,0.09597069597069598,0.0002557703980042843,0.0009768009768009768,0.16325547960069445,0.08380805121527778,0.04842800564236111,0.021111382378472224,0.006762065382003967,0.005640714875963398,0.07172787620066698,Vision person,0.012090546471525713,0.01641849218502704,0.002721102027508335,-0.0005485558440413348,0,5.425347222222222e-05,36528,4604,3299,558,74,69,451,0.12604029785370127,0.09031427945685501,0.008491200853198294,-0.0009129459273055314,0,0,0.009404146780503825,0,86,137,0.16546733925739926,Local reconstruction or filter response; compare variants to isolate stage,low
07_white_subject,Phase 1 · Guided,288,512,0.034571510842094234,0.2336996336996337,0.0008336934087720655,0.004395604395604396,0.2784084743923611,0.15949842664930555,0.1269599066840278,0.0741238064236111,0.03291718310164148,0.006250749279101122,0.18678822107971108,Vision person,0.028416849167036975,0.036325572256458015,0.02011106196847149,-0.019759814797815904,0,0,36528,12908,13478,1654,200,147,1593,0.35337275514673677,0.3689772229522558,0.05740524942631878,-0.00291248221903862,0.0036735022723275636,0.0004542385427547353,0.0603177316453574,0.0032192637295728284,127,53,0.33162039518356323,Border-localized difference; scene content or boundary processing not isolated,low
07_white_subject,Phase 2 · A,288,512,0.034514589525921714,0.23272283272283273,0.0008403703137409217,0.004395604395604396,0.2782457139756944,0.1593085394965278,0.12614610460069445,0.0736423068576389,0.032751214497723086,0.006435298010816671,0.1854865345186588,Vision person,0.028263586729301557,0.03629610789127191,0.01910779280849334,-0.01829624549547955,0,0,36528,12730,13305,1597,198,142,1537,0.3484997809899255,0.3642411300919842,0.05805696417681045,-0.0017298158121457886,0.003748325107153505,0.0005173096167189734,0.05978677998895624,0.003231015490434532,127,53,0.32391440123319626,Border-localized difference; scene content or boundary processing not isolated,low
07_white_subject,Phase 2 · B,288,512,0.01700115604065407,0.073992673992674,0.0008101331976423042,0.004395604395604396,0.2745293511284722,0.1453857421875,0,0,0.032751214497723086,0.005906666600172994,0.0695642714210558,Vision person,0.019365949247480297,0.016327196571223956,0.008363341135929686,-0.007460012502044605,0,0,36528,10403,11585,847,203,152,938,0.2847952255803767,0.3171539640823478,0.01628074786877112,-0.000414894492779341,0.0030477716537591604,0.00022751215313162123,0.01669564236155046,0.0028202595006275393,127,47,0.11961854125062624,Local reconstruction or filter response; compare variants to isolate stage,low
07_white_subject,Phase 2 · C,288,512,0.018699681852012873,0.07521367521367521,0.0011851972145364735,0.006593406593406593,0.2884046766493056,0.18379720052083334,0,0,0.05585288359834071,0.006198482438889266,0.0695642714210558,Vision person,0.021940031778096968,0.01777619115919136,0.010065421059327583,-0.00863643567063296,0,0,36528,11266,12461,1120,205,153,1233,0.3084209373631187,0.34113556723609284,0.014640956924903014,0.00015582180478506617,0.002904889466507094,-3.3217362527336395e-05,0.014485135120117948,0.0029381068290344307,127,38,0.15276554226875305,Local reconstruction or filter response; compare variants to isolate stage,low
07_white_subject,Phase 4 · Combined,288,512,0.017640094908901775,0.07423687423687424,0.0009499490640452713,0.005372405372405372,0.2804768880208333,0.1617431640625,0,0,0.04158376464336026,0.006004973327967436,0.0695642714210558,Vision person,0.021339637989181946,0.01658573544765071,0.008906360335791173,-0.007693463079070114,0,0,36528,10703,11927,945,209,150,983,0.2930081033727551,0.3265166447656592,0.016061286722856855,-0.00032238609578815245,0.003013144654687494,4.056122020951339e-05,0.016383672818645008,0.0029725834344779805,129,112,0.1266570178170999,Local reconstruction or filter response; compare variants to isolate stage,low
07_white_subject,Phase 4 · Semantic,288,512,0.0175853746710762,0.07423687423687424,0.0009366447985191723,0.005128205128205128,0.2801988389756944,0.15869140625,0,0,0.04076669568573953,0.006001438277914686,0.0695642714210558,Vision person,0.021251334245200496,0.016540586415427837,0.00885730713939345,-0.007665293995413383,0,0,36528,10685,11895,936,205,150,981,0.29251533070521246,0.3256406044678055,0.01606249838091788,-0.00033094019754715854,0.00301157645049638,4.056122020951339e-05,0.016393438578465036,0.0029710152302868664,129,112,0.12619411076108614,Local reconstruction or filter response; compare variants to isolate stage,low
07_white_subject,Phase 4 · Spatial,288,512,0.017370209077998626,0.073992673992674,0.0008950939795614113,0.00463980463980464,0.2780287000868056,0.1566704644097222,0,0,0.03791260975591896,0.0059586405062808274,0.0695642714210558,Vision person,0.02022973004947945,0.016555253575250884,0.008698462831426931,-0.00760367963720924,0,0,36528,10612,11796,902,205,152,967,0.29051686377573366,0.32293035479632065,0.016061286722856855,-0.000321333738236082,0.003013144654687494,0.00018692544129277977,0.01638262046109294,0.0028262192133947143,127,47,0.12388192986448607,Local reconstruction or filter response; compare variants to isolate stage,low
07_white_subject,Phase 5 · Shadow Budget A,288,512,0.018698025482750482,0.07521367521367521,0.0011846666501061575,0.006837606837606838,0.2882893880208333,0.18379720052083334,0,0,0.05582682282305742,0.006198482438889266,0.0695642714210558,Vision person,0.021934116040739193,0.017775748697958386,0.010067405226930302,-0.00863414239276976,0,0,36528,11267,12462,1120,205,153,1234,0.30844831362242664,0.34116294349540077,0.014640956924903014,0.00015582180478506617,0.002903927307176803,-3.3217362527336395e-05,0.014485135120117948,0.0029371446697041394,127,38,0.15276554226875305,Local reconstruction or filter response; compare variants to isolate stage,low
07_white_subject,Phase 5 · Shadow Budget B,288,512,0.018699681852012873,0.07521367521367521,0.0011851972145364735,0.006593406593406593,0.2884046766493056,0.18379720052083334,0,0,0.05585288359834071,0.006198482438889266,0.0695642714210558,Vision person,0.021940031778096968,0.01777619115919136,0.010065421059327583,-0.00863643567063296,0,0,36528,11266,12461,1120,205,153,1233,0.3084209373631187,0.34113556723609284,0.014640956924903014,0.00015582180478506617,0.002904889466507094,-3.3217362527336395e-05,0.014485135120117948,0.0029381068290344307,127,38,0.15276554226875305,Local reconstruction or filter response; compare variants to isolate stage,low
07_white_subject,Phase 5 · Shadow Budget C,288,512,0.018698025482750482,0.07521367521367521,0.0011846666501061575,0.006837606837606838,0.2882893880208333,0.18379720052083334,0,0,0.05582682282305742,0.006198482438889266,0.0695642714210558,Vision person,0.021934116040739193,0.017775748697958386,0.010067405226930302,-0.00863414239276976,0,0,36528,11267,12462,1120,205,153,1234,0.30844831362242664,0.34116294349540077,0.014640956924903014,0.00015582180478506617,0.002903927307176803,-3.3217362527336395e-05,0.014485135120117948,0.0029371446697041394,127,38,0.15276554226875305,Local reconstruction or filter response; compare variants to isolate stage,low
08_fine_texture,Off / Original pipeline,288,512,0,0,0,0,0,0,0,0,0,0,0,Vision person,0,0,0,0,0,0,30204,0,0,0,0,0,0,0,0,0,0,0,0,0,0,0,0,0,No strong artifact signature at diagnostic thresholds,low
08_fine_texture,Phase 1 · Bilateral,288,512,0.0002928082450375729,0,1.985858607020843e-05,0,0.0048828125,0.002041286892361111,0,0,5.0900785205554704e-06,0.00010707875561893765,0.02511770948767662,Vision person,4.012134183071858e-06,0.0003682580569468712,0.00015021825956521232,-0.00010018753567210004,0,0,30204,226,345,13,6,8,87,0.007482452655277447,0.01142232816845451,-7.008845661027682e-06,0,0,-3.0584102985033367e-06,7.008845661027682e-06,3.0584102985033367e-06,249,198,0.07988065481185913,No strong artifact signature at diagnostic thresholds,low
08_fine_texture,Phase 1 · Gaussian,288,512,2.58879285407095e-05,0,1.1135855613038833e-05,0,0,0,0,0,5.098218264880891e-06,2.4089479191276536e-05,0.0011265168733456555,Vision person,4.022344459307313e-06,3.160045078121816e-05,1.5156484736116227e-05,-1.8568316103217953e-06,0,0,30204,0,0,0,0,0,0,0,0,-7.008845661027682e-06,0,0,-3.0584102985033367e-06,7.008845661027682e-06,3.0584102985033367e-06,0,0,0,No strong artifact signature at diagnostic thresholds,low
08_fine_texture,Phase 1 · Guided,288,512,0.0015253944188928041,0,5.7047666861960886e-05,0,0.013312445746527778,0.008334689670138888,0.005520290798611111,0.0030042860243055555,5.097474527495456e-06,0.0003882109161376389,0.14199143985615056,Vision person,4.410239207091697e-05,0.0019123913368075409,0.0017544311406627782,-0.001743661597639014,0,0,30204,1065,1529,227,28,31,123,0.03526023043305523,0.050622434114686796,-7.008845661027682e-06,0.00017673554756338634,-0.0005585755088499614,0.00012668743711401475,0.00018374439322441403,0.0006852629459639761,243,201,0.25795477628707886,Local reconstruction or filter response; compare variants to isolate stage,low
08_fine_texture,Phase 2 · A,288,512,0.0017291496490999198,0.003907203907203907,0.00010682356800701335,0.0007326007326007326,0.012810601128472222,0.007961697048611112,0.005405002170138889,0.0029093424479166665,1.5067635378827419e-05,0.0007993898800894275,0.13908341115011888,Vision person,0.00013091443860960096,0.002146698713945413,0.0020927545736586237,-0.001119645152572303,0,0,30204,984,1423,208,29,30,123,0.03257846642828764,0.04711296517017614,-7.020065880617098e-05,0.0013443075678503467,-0.0006416699582976954,0.0001617206807038331,0.0014145082266565176,0.0008033906390015285,249,198,0.25851746400197345,Local reconstruction or filter response; compare variants to isolate stage,low
08_fine_texture,Phase 2 · B,288,512,0.0010030623149609576,0.003907203907203907,9.304900852857532e-05,0.0007326007326007326,0.012546115451388888,0.007059733072916667,0,0,1.5067635378827419e-05,0.0007782375134057665,0.06162002730895491,Vision person,0.0001285005929509864,0.0012315471004155948,0.0012593350326419066,-0.00028618636006275637,0,0,30204,793,1227,127,21,28,119,0.02625480068865051,0.040623758442590384,-7.020065880617098e-05,0.0013335308056354287,-0.00062148692086339,0.0001484919619802635,0.0014037314644415996,0.0007699788828436535,257,382,0.07770911852518718,Local reconstruction or filter response; compare variants to isolate stage,low
08_fine_texture,Phase 2 · C,288,512,0.0010030875295283792,0.003907203907203907,9.330229032273067e-05,0.0007326007326007326,0.012546115451388888,0.007059733072916667,0,0,1.5261560954567826e-05,0.0007781279893290511,0.06162002730895491,Vision person,0.00012803307458316964,0.001231701044581124,0.0012594702076136285,-0.00028603828131003263,0,0,30204,793,1227,127,21,28,119,0.02625480068865051,0.040623758442590384,-6.938364071723458e-05,0.0013365831377635162,-0.0006197000188486916,0.00014876013631562402,0.0014059667784807508,0.0007684601551643156,257,382,0.07770911852518718,Local reconstruction or filter response; compare variants to isolate stage,low
08_fine_texture,Phase 4 · Combined,288,512,0.001003050712353885,0.003907203907203907,9.321669898900642e-05,0.0007326007326007326,0.012546115451388888,0.007059733072916667,0,0,1.5091343294714003e-05,0.0007781974275314114,0.06162002730895491,Vision person,0.0001281091956898432,0.0012316347215658263,0.0012594053913283943,-0.000286103549993668,0,0,30204,793,1227,127,21,28,119,0.02625480068865051,0.040623758442590384,-6.965192340661787e-05,0.0013343344631028316,-0.00062148692086339,0.00014831534330629178,0.0014039863865094495,0.0007698022641696818,257,382,0.07770911852518718,Local reconstruction or filter response; compare variants to isolate stage,low
08_fine_texture,Phase 4 · Semantic,288,512,0.0010029671755260594,0.003907203907203907,9.3083985591599e-05,0.0007326007326007326,0.012546115451388888,0.007059733072916667,0,0,1.4959114224348367e-05,0.0007781514994458484,0.06162002730895491,Vision person,0.0001280944099072711,0.0012315332230922653,0.0012591755153778443,-0.00028633319463778196,0,0,30204,793,1227,127,21,28,119,0.02625480068865051,0.040623758442590384,-6.96684207743226e-05,0.001333780263343619,-0.00062148692086339,0.0001484919619802635,0.0014034486841179416,0.0007699788828436535,257,382,0.07770911852518718,Local reconstruction or filter response; compare variants to isolate stage,low
08_fine_texture,Phase 4 · Spatial,288,512,0.0010031488054628292,0.003907203907203907,9.329771888656278e-05,0.0007326007326007326,0.012546115451388888,0.007059733072916667,0,0,1.5219568568729412e-05,0.0007782730252098494,0.06162002730895491,Vision person,0.00012846902630225652,0.0012316644340953093,0.0012596023434175603,-0.0002859133156802771,0,0,30204,793,1227,127,21,28,119,0.02625480068865051,0.040623758442590384,-6.965192340661787e-05,0.0013343344631028316,-0.00062148692086339,0.00014831534330629178,0.0014039863865094495,0.0007698022641696818,257,382,0.07770911852518718,Local reconstruction or filter response; compare variants to isolate stage,low
08_fine_texture,Phase 5 · Shadow Budget A,288,512,0.0010030897061560475,0.003907203907203907,9.32989254576034e-05,0.0007326007326007326,0.012546115451388888,0.007059733072916667,0,0,1.5266500043397923e-05,0.0007781279893290511,0.06162002730895491,Vision person,0.00012804018178735305,0.0012317019330644692,0.0012594736100688848,-0.00028603487885477585,0,0,30204,793,1227,127,21,28,119,0.02625480068865051,0.040623758442590384,-6.939451111340155e-05,0.0013365831377635162,-0.0006197000188486916,0.00014876013631562402,0.0014059776488769178,0.0007684601551643156,257,382,0.07770911852518718,Local reconstruction or filter response; compare variants to isolate stage,low
08_fine_texture,Phase 5 · Shadow Budget B,288,512,0.0010030875295283792,0.003907203907203907,9.330229032273067e-05,0.0007326007326007326,0.012546115451388888,0.007059733072916667,0,0,1.5261560954567826e-05,0.0007781279893290511,0.06162002730895491,Vision person,0.00012803307458316964,0.001231701044581124,0.0012594702076136285,-0.00028603828131003263,0,0,30204,793,1227,127,21,28,119,0.02625480068865051,0.040623758442590384,-6.938364071723458e-05,0.0013365831377635162,-0.0006197000188486916,0.00014876013631562402,0.0014059667784807508,0.0007684601551643156,257,382,0.07770911852518718,Local reconstruction or filter response; compare variants to isolate stage,low
08_fine_texture,Phase 5 · Shadow Budget C,288,512,0.0010030897061560475,0.003907203907203907,9.32989254576034e-05,0.0007326007326007326,0.012546115451388888,0.007059733072916667,0,0,1.5266500043397923e-05,0.0007781279893290511,0.06162002730895491,Vision person,0.00012804018178735305,0.0012317019330644692,0.0012594736100688848,-0.00028603487885477585,0,0,30204,793,1227,127,21,28,119,0.02625480068865051,0.040623758442590384,-6.939451111340155e-05,0.0013365831377635162,-0.0006197000188486916,0.00014876013631562402,0.0014059776488769178,0.0007684601551643156,257,382,0.07770911852518718,Local reconstruction or filter response; compare variants to isolate stage,low
08_high_iso_rainy_night,Off / Original pipeline,341,512,0,0,0,0,0,0,0,0,0,0,0,unavailable,,,0,0,0,0,22224,0,0,0,0,0,0,0,0,0,0,0,0,0,0,0,0,0,No strong artifact signature at diagnostic thresholds,low
08_high_iso_rainy_night,Phase 1 · Bilateral,341,512,0.0006613667192228183,0.0004884004884004884,0.0006394093517232584,0.003663003663003663,0.004702391862170088,0.0031158357771260995,0.0024285190615835777,0.0011627107771260998,0.00010259393007900154,0.0003750758935914723,0.04290522603076248,unavailable,,,0.00043331210839613895,-8.74936834381376e-05,0,0,22224,811,689,6,26,14,233,0.03649208063354931,0.031002519798416128,5.091147410216745e-05,2.7601403976531804e-05,-2.2980148145743276e-05,-0.001053552447397577,2.3310070125635647e-05,0.0010305722992518338,189,42,0.22021200259526572,Local reconstruction or filter response; compare variants to isolate stage,low
08_high_iso_rainy_night,Phase 1 · Gaussian,341,512,9.35287005190632e-05,0.0004884004884004884,0.0006339956576467202,0.003663003663003663,0,0,0,0,0.00010259393007900154,0,0,unavailable,,,0.00010886187970618301,8.173425601852562e-05,0,0,22224,0,0,0,0,0,0,0,0,5.091147410216745e-05,2.7601403976531804e-05,-2.2980148145743276e-05,-8.536281811180341e-06,2.3310070125635647e-05,1.4443866334562935e-05,0,0,0,No strong artifact signature at diagnostic thresholds,low
08_high_iso_rainy_night,Phase 1 · Guided,341,512,0.002626949627036163,0.0007326007326007326,0.0006860077411443359,0.003663003663003663,0.016965267595307917,0.013740606671554252,0.010246746700879765,0.005550082478005865,0.00010259393007900154,0.002803351261631609,0.18461097153009748,unavailable,,,0.0034580560357167626,-0.003266273352059232,0,0,22224,3158,3923,245,88,46,519,0.14209863210943124,0.17652087832973362,5.091147410216745e-05,2.7601403976531804e-05,-2.2980148145743276e-05,-0.0025811490658712868,2.3310070125635647e-05,0.0025581689177255435,157,487,0.2989492416381836,Local reconstruction or filter response; compare variants to isolate stage,low
08_high_iso_rainy_night,Phase 2 · A,341,512,0.0026260652993486846,0.0007326007326007326,0.0006999991067856514,0.003663003663003663,0.016856442448680353,0.013643236803519062,0.0101837426686217,0.005527171920821115,0.00010860561958563807,0.0028292724143087577,0.18394844952911343,unavailable,,,0.0034697021153982975,-0.0031866357072800754,0,0,22224,3132,3882,243,87,46,512,0.14092872570194384,0.17467602591792655,4.9297666193154894e-05,2.1446342499434126e-05,-2.1046316680242378e-05,-0.002570290879305632,2.7851323693720768e-05,0.00254924456262539,157,487,0.2989492416381836,Local reconstruction or filter response; compare variants to isolate stage,low
08_high_iso_rainy_night,Phase 2 · B,341,512,0.0011674389267373759,0.0007326007326007326,0.0006789932808650419,0.003663003663003663,0.016730434384164224,0.012600806451612902,0,0,0.00010860561958563807,0.002493361645730656,0.06995313091538762,unavailable,,,0.0015361125735767578,-0.0012535023939151283,0,0,22224,2709,3544,163,79,44,453,0.12189524838012959,0.15946724262059037,4.9297666193154894e-05,2.1446342499434126e-05,-2.1046316680242378e-05,-0.0006642968385772966,2.7851323693720768e-05,0.0006432505218970542,157,487,0.08559572696685791,Local reconstruction or filter response; compare variants to isolate stage,low
08_high_iso_rainy_night,Phase 2 · C,341,512,0.0011674389267373759,0.0007326007326007326,0.0006789932808650419,0.003663003663003663,0.016730434384164224,0.012600806451612902,0,0,0.00010860561958563807,0.002493361645730656,0.06995313091538762,unavailable,,,0.0015361125735767578,-0.0012535023939151283,0,0,22224,2709,3544,163,79,44,453,0.12189524838012959,0.15946724262059037,4.9297666193154894e-05,2.1446342499434126e-05,-2.1046316680242378e-05,-0.0006642968385772966,2.7851323693720768e-05,0.0006432505218970542,157,487,0.08559572696685791,Local reconstruction or filter response; compare variants to isolate stage,low
08_high_iso_rainy_night,Phase 4 · Combined,341,512,0.0011674389267373759,0.0007326007326007326,0.0006789932808650419,0.003663003663003663,0.016730434384164224,0.012600806451612902,0,0,0.00010860561958563807,0.002493361645730656,0.06995313091538762,unavailable,,,0.0015361125735767578,-0.0012535023939151283,0,0,22224,2709,3544,163,79,44,453,0.12189524838012959,0.15946724262059037,4.9297666193154894e-05,2.1446342499434126e-05,-2.1046316680242378e-05,-0.0006642968385772966,2.7851323693720768e-05,0.0006432505218970542,157,487,0.08559572696685791,Local reconstruction or filter response; compare variants to isolate stage,low
08_high_iso_rainy_night,Phase 4 · Semantic,341,512,0.0011674389267373759,0.0007326007326007326,0.0006789932808650419,0.003663003663003663,0.016730434384164224,0.012600806451612902,0,0,0.00010860561958563807,0.002493361645730656,0.06995313091538762,unavailable,,,0.0015361125735767578,-0.0012535023939151283,0,0,22224,2709,3544,163,79,44,453,0.12189524838012959,0.15946724262059037,4.9297666193154894e-05,2.1446342499434126e-05,-2.1046316680242378e-05,-0.0006642968385772966,2.7851323693720768e-05,0.0006432505218970542,157,487,0.08559572696685791,Local reconstruction or filter response; compare variants to isolate stage,low
08_high_iso_rainy_night,Phase 4 · Spatial,341,512,0.0011674389267373759,0.0007326007326007326,0.0006789932808650419,0.003663003663003663,0.016730434384164224,0.012600806451612902,0,0,0.00010860561958563807,0.002493361645730656,0.06995313091538762,unavailable,,,0.0015361125735767578,-0.0012535023939151283,0,0,22224,2709,3544,163,79,44,453,0.12189524838012959,0.15946724262059037,4.9297666193154894e-05,2.1446342499434126e-05,-2.1046316680242378e-05,-0.0006642968385772966,2.7851323693720768e-05,0.0006432505218970542,157,487,0.08559572696685791,Local reconstruction or filter response; compare variants to isolate stage,low
08_high_iso_rainy_night,Phase 5 · Shadow Budget A,341,512,0.0011674389267373759,0.0007326007326007326,0.0006789932808650419,0.003663003663003663,0.016730434384164224,0.012600806451612902,0,0,0.00010860561958563807,0.002493361645730656,0.06995313091538762,unavailable,,,0.0015361125735767578,-0.0012535023939151283,0,0,22224,2709,3544,163,79,44,453,0.12189524838012959,0.15946724262059037,4.9297666193154894e-05,2.1446342499434126e-05,-2.1046316680242378e-05,-0.0006642968385772966,2.7851323693720768e-05,0.0006432505218970542,157,487,0.08559572696685791,Local reconstruction or filter response; compare variants to isolate stage,low
08_high_iso_rainy_night,Phase 5 · Shadow Budget B,341,512,0.0011674389267373759,0.0007326007326007326,0.0006789932808650419,0.003663003663003663,0.016730434384164224,0.012600806451612902,0,0,0.00010860561958563807,0.002493361645730656,0.06995313091538762,unavailable,,,0.0015361125735767578,-0.0012535023939151283,0,0,22224,2709,3544,163,79,44,453,0.12189524838012959,0.15946724262059037,4.9297666193154894e-05,2.1446342499434126e-05,-2.1046316680242378e-05,-0.0006642968385772966,2.7851323693720768e-05,0.0006432505218970542,157,487,0.08559572696685791,Local reconstruction or filter response; compare variants to isolate stage,low
08_high_iso_rainy_night,Phase 5 · Shadow Budget C,341,512,0.0011674389267373759,0.0007326007326007326,0.0006789932808650419,0.003663003663003663,0.016730434384164224,0.012600806451612902,0,0,0.00010860561958563807,0.002493361645730656,0.06995313091538762,unavailable,,,0.0015361125735767578,-0.0012535023939151283,0,0,22224,2709,3544,163,79,44,453,0.12189524838012959,0.15946724262059037,4.9297666193154894e-05,2.1446342499434126e-05,-2.1046316680242378e-05,-0.0006642968385772966,2.7851323693720768e-05,0.0006432505218970542,157,487,0.08559572696685791,Local reconstruction or filter response; compare variants to isolate stage,low
